files_changed,lines_added,lines_deleted,test_count,previous_runtime_sec,previous_failure,cpu_usage_pct,memory_usage_mb,result,total_runtime_sec
-0.9511843793448155,-0.4130329951178474,0.18086827071586,-1.3777402331873008,18.095797863715706,-0.5282015384337324,-0.41883746616756706,-1.2240061638302056,0,1.048
0.3978882513829413,-0.5467770125845789,0.08148206943360968,-0.6467675216913076,0.206444766911304,-0.5282015384337324,-1.7273140387289774,0.9373582777834036,0,0.675
1.2972700052014459,1.2110015026924636,-1.1111523459533943,-0.6467675216913076,-0.2718184717002242,-0.5282015384337324,-0.5170155272394452,-1.4828320767450558,0,0.681
-0.05180262552631094,-0.4894581479559797,0.2802544719981103,0.8151779013006786,-0.26412522925607096,-0.5282015384337324,0.07543828957361219,0.962568593976407,0,1.129
-0.5014935024355632,-0.47035185974644667,-1.061459245312269,-1.3777402331873008,0.3103035399073731,-0.5282015384337324,-0.3705947982270752,-1.4828320767450558,0,0.35700000000000004
-0.05180262552631094,-1.0053279296133726,0.32994757263923546,-1.3777402331873008,-0.6795603212403475,-0.5282015384337324,-0.3443575577682113,-0.32651890735923506,0,0.35600000000000004
0.8475791282921936,2.070784472121452,1.0256509816149877,0.8151779013006786,-0.6808425283143731,-0.5282015384337324,0.6382694155460175,0.9071058983517968,0,1.135
3.995415266656959,1.3447455201591951,3.311533611106745,0.8151779013006786,0.31799678235152634,-0.5282015384337324,0.22016629339508778,1.0146699141086173,1,1.155
-0.5014935024355632,0.04551792191094631,-0.7136075408243929,-1.3777402331873008,0.3449231309060627,1.8932167501164119,-0.4636946837262701,-0.4223181088926545,1,0.384
-0.05180262552631094,-0.3748204186987813,-0.763300641465518,-1.3777402331873008,-0.6462229373156834,1.8932167501164119,0.18038725140906828,-0.22903901807961688,0,0.368
0.3978882513829413,-0.4894581479559797,2.4667509002076176,0.8151779013006786,-0.664173836352041,-0.5282015384337324,-0.8564069280137826,-1.7450193651523058,0,1.131
3.545724389747707,-0.6805210300513105,2.0195129944374908,0.8151779013006786,0.31286795405542417,-0.5282015384337324,-0.3900611379223614,1.402908783480891,1,1.127
-0.5014935024355632,-0.05001351913671905,-0.8626868427477684,0.8151779013006786,0.3064569186852963,1.8932167501164119,-0.3426648325773169,0.3171844994354866,1,1.1159999999999999
-0.05180262552631094,-0.5849895890036451,0.23056137135698518,0.8151779013006786,0.29363484794504113,1.8932167501164119,-0.4679264967035063,-1.45426038505965,0,1.105
1.2972700052014459,2.1089970485405183,0.32994757263923546,0.8151779013006786,0.28081277720478565,-0.5282015384337324,0.12706640789589288,1.4701362933289048,1,1.138
-0.05180262552631094,-0.2219701130225167,-0.16698343377201613,-1.3777402331873008,0.32184340357360286,1.8932167501164119,0.7042856979909005,1.433161162912498,1,0.382
-0.9511843793448155,-0.16465124839391748,0.32994757263923546,-1.3777402331873008,-0.6475051443897089,1.8932167501164119,0.4029806140116887,1.2970254554702718,0,0.369
2.19665175901995,1.822402725397522,2.8146026046954935,0.08420518980468551,-0.664173836352041,-0.5282015384337324,-0.022739771498265657,-0.20719007737901352,0,0.893
-0.9511843793448155,0.007305345491880165,-0.4651420376187671,-1.3777402331873008,0.007702670437344517,-0.5282015384337324,-1.4319334929178955,0.5810524755889354,0,0.373
-0.05180262552631094,-0.9097964885657073,-0.5148351382598922,0.8151779013006786,-0.6590450080559388,-0.5282015384337324,-0.7760024814462964,-1.5366140846234648,0,1.115
-0.5014935024355632,-0.4894581479559797,-0.4651420376187671,-1.3777402331873008,0.2923526408710154,-0.5282015384337324,1.6344381903874012,-1.1265262745505875,0,0.369
0.8475791282921936,0.9817260441780669,-0.9620730440300187,-0.6467675216913076,-0.664173836352041,-0.5282015384337324,-1.007905832598836,0.732314372746965,0,0.642
1.2972700052014459,1.1536826380638645,1.3735026861028639,0.8151779013006786,-0.3128490980690417,-0.5282015384337324,-1.6968449852928773,-0.5382855633804761,0,1.133
2.19665175901995,2.586654253778845,-0.11729033313089096,0.8151779013006786,0.31415016112944955,-0.5282015384337324,0.20239267889069598,-0.4441670495932578,0,1.164
2.6463426359292024,1.5931272668831251,1.4728888873851143,0.8151779013006786,0.35389858042424166,-0.5282015384337324,1.6039691369513012,1.0953429259262333,0,1.1260000000000001
-0.9511843793448155,0.771556873873203,0.9759578809738626,0.8151779013006786,0.307739125759322,-0.5282015384337324,-0.28172672570511675,1.2852606412468683,1,1.135
-0.5014935024355632,-0.8524776239371081,-0.5645282389010174,-1.3777402331873008,0.31799678235152634,1.8932167501164119,0.6408085033323586,0.3995381989993013,0,0.363
2.6463426359292024,0.44674997431114083,1.8207405918729904,0.8151779013006786,-0.6718670787961942,-0.5282015384337324,-1.6790713707884855,1.4247577241814946,1,1.135
1.2972700052014459,-0.33660784227971513,0.6281061764859864,0.8151779013006786,0.31799678235152634,1.8932167501164119,-0.12938145852461616,-1.361822559018633,0,1.121
-0.9511843793448155,-1.0053279296133726,-0.8626868427477684,0.8151779013006786,0.3000458833151687,-0.5282015384337324,-0.7243743631240153,-0.6088744487208897,0,1.114
-0.9511843793448155,-1.139071947080104,1.3238095854617387,-0.6467675216913076,0.29107043379699005,-0.5282015384337324,-0.9935176684762329,-0.7769432233409215,0,0.607
-0.05180262552631094,-0.6040958772131781,-0.0675972324897658,-1.3777402331873008,-0.3590085527339613,-0.5282015384337324,0.22355174377687662,-0.965180250915358,0,0.35900000000000004
-0.5014935024355632,-0.10733238376531827,0.18086827071586,0.8151779013006786,-0.6757137000182709,-0.5282015384337324,1.5963518735922764,0.739037123731765,0,1.122
-0.05180262552631094,-0.47035185974644667,0.08148206943360968,0.8151779013006786,0.3000458833151687,-0.5282015384337324,0.2988780147716797,0.20121704494766499,0,1.119
-0.5014935024355632,-0.31750155407018205,-0.3160627356953916,0.8151779013006786,0.2974814691671176,-0.5282015384337324,-0.5838781722797759,-1.3954363139426373,0,1.125
2.19665175901995,0.7906631620827361,-0.8129937421066432,0.8151779013006786,0.3051747116112709,-0.5282015384337324,-0.48570011120789774,-0.807195602772526,0,1.141
-0.5014935024355632,0.06462421012047938,0.8268785790504871,0.8151779013006786,0.32697223186970503,-0.5282015384337324,0.19477541553167127,-1.6794725430504933,0,1.123
-0.05180262552631094,0.06462421012047938,0.2802544719981103,-1.3777402331873008,0.3026102974632198,-0.5282015384337324,-0.22502043181015255,0.297016246481082,0,0.36500000000000005
-0.05180262552631094,0.04551792191094631,-0.5148351382598922,-1.3777402331873008,-0.6693026646481431,-0.5282015384337324,-1.3532217715413037,-0.4929069942330681,0,0.374
-0.05180262552631094,-0.24107640123204976,-0.6639144401832677,0.8151779013006786,-0.6564805939078877,-0.5282015384337324,0.01873199567864825,-1.376948748734434,0,1.109
-0.05180262552631094,-0.7569461828894427,-0.5645282389010174,0.8151779013006786,0.28465939842686216,-0.5282015384337324,-0.10399058066119934,0.86676939244299,1,1.116
0.8475791282921936,1.5740209786735921,1.1747302835383633,0.8151779013006786,0.29363484794504113,1.8932167501164119,1.235801407931758,-1.758464867121908,0,1.1360000000000001
-0.9511843793448155,-1.119965658870571,0.08148206943360968,-0.6467675216913076,0.3192789894255518,-0.5282015384337324,-1.2008765043608034,1.4650942300903038,0,0.607
-0.5014935024355632,-0.7378398946799096,-0.41544893697764196,0.8151779013006786,-0.3590085527339613,-0.5282015384337324,-0.09214150432493814,-0.9080368675445466,1,1.108
-0.05180262552631094,-0.26018268944158285,-0.3160627356953916,-0.6467675216913076,0.28337719135283673,1.8932167501164119,-1.4497071074222874,0.26172180381087634,0,0.625
1.746960882110698,0.29389966863487627,-0.36575583633651676,0.8151779013006786,-0.3359288254015015,-0.5282015384337324,-0.5009346379259481,-0.055928180220983906,0,1.1199999999999999
3.0960335128384546,4.36353905726542,-0.21667653441314128,0.8151779013006786,0.2987636762411433,-0.5282015384337324,-1.3735344738320372,-1.7769524323301114,0,1.165
0.8475791282921936,0.3321122450539424,-0.6142213395421425,0.8151779013006786,0.3577452016463181,-0.5282015384337324,-1.4420898440632626,-1.7399773019137046,0,1.114
0.8475791282921936,1.7459775725593898,-0.4651420376187671,0.8151779013006786,0.2923526408710154,-0.5282015384337324,-0.820859699004999,-1.104677333849984,0,1.1320000000000001
-0.5014935024355632,-0.9289027767752404,-0.9620730440300187,0.8151779013006786,0.31415016112944955,-0.5282015384337324,-0.1903195653968163,0.3255879381664877,1,1.117
-0.9511843793448155,-0.47035185974644667,-0.3160627356953916,0.8151779013006786,0.2949170550190665,1.8932167501164119,-0.08198515317957136,-1.550059586593067,1,1.111
2.6463426359292024,1.2110015026924636,-1.1608454465945193,0.8151779013006786,0.28722381257491325,1.8932167501164119,-1.639292328802466,1.0600484832560275,1,1.135
-0.9511843793448155,-0.7951587593085089,-0.7136075408243929,-1.3777402331873008,0.31799678235152634,1.8932167501164119,-0.09383422951583256,-0.5668572550658817,0,0.365
-0.5014935024355632,-0.9671153531943065,-1.061459245312269,-1.3777402331873008,-0.6680204575741177,-0.5282015384337324,-0.6228108516703483,-1.0374498240019705,0,0.36
-0.5014935024355632,-0.4894581479559797,-1.011766144671144,0.8151779013006786,-0.6757137000182709,-0.5282015384337324,1.1316988086917497,-0.6324040771676942,0,1.111
-0.9511843793448155,-0.565883300794112,-0.4651420376187671,-1.3777402331873008,0.28722381257491325,-0.5282015384337324,-0.13530599669274676,0.3457561911208923,0,0.37
2.19665175901995,0.9435134677590007,-1.1111523459533943,0.8151779013006786,-0.6628916292780155,-0.5282015384337324,0.5451695300468226,-0.8256831679807318,1,1.144
-0.5014935024355632,0.14104936295861167,-0.11729033313089096,0.8151779013006786,0.3295366460177561,1.8932167501164119,0.06866738881003452,-1.4677058870292523,1,1.127
-0.9511843793448155,-0.9480090649847734,0.13117517007473484,0.8151779013006786,0.307739125759322,1.8932167501164119,2.532428904156907,1.2365206966070605,0,1.118
-0.05180262552631094,-1.139071947080104,0.08148206943360968,-1.3777402331873008,0.2961992620930922,-0.5282015384337324,0.09067281629166221,0.5323125309491276,0,0.361
-0.5014935024355632,-0.31750155407018205,-0.9123799433888935,0.8151779013006786,-0.6731492858702198,-0.5282015384337324,0.9649653773886463,-1.0424918872405715,0,1.121
-0.05180262552631094,-0.27928897765111593,-0.0675972324897658,0.8151779013006786,0.3000458833151687,-0.5282015384337324,0.16515272469101824,0.5558421593959321,0,1.1099999999999999
0.3978882513829413,4.401751633684487,-1.011766144671144,0.8151779013006786,0.28722381257491325,-0.5282015384337324,-1.1763319890928337,0.14239297383065241,1,1.181
-0.9511843793448155,-0.2219701130225167,-0.21667653441314128,0.8151779013006786,0.37697830775670144,1.8932167501164119,-0.8733341799227271,-1.8324151279547216,1,1.1300000000000001
-0.5014935024355632,-1.1008593706610381,-0.3160627356953916,-1.3777402331873008,0.31158574698139846,1.8932167501164119,-0.010890695162004454,0.21802392240966723,1,0.35400000000000004
1.2972700052014459,-0.5276707243750458,-0.0675972324897658,0.8151779013006786,-0.6821247353883986,1.8932167501164119,-0.9977494814534691,1.1440828705660435,1,1.11
-0.05180262552631094,0.026411633701413237,-0.16698343377201613,0.8151779013006786,0.2859416055008878,1.8932167501164119,-0.4476137944127727,1.4045894712270923,0,1.131
1.2972700052014459,-1.119965658870571,1.1747302835383633,0.8151779013006786,0.31286795405542417,-0.5282015384337324,-1.3667635730684595,0.5272704677105263,0,1.103
-0.9511843793448155,-0.5276707243750458,-0.6142213395421425,0.8151779013006786,0.2769661559827089,-0.5282015384337324,-0.804778809691502,-0.00550754783497483,0,1.1059999999999999
-0.05180262552631094,-1.0244342178229058,0.03178896879248452,-1.3777402331873008,0.27953057013076,-0.5282015384337324,1.4744756598478757,1.4247577241814946,0,0.35900000000000004
-0.05180262552631094,-0.8524776239371081,-0.763300641465518,-1.3777402331873008,-0.6769959070922964,-0.5282015384337324,-1.605437824984577,-0.1315591287999987,0,0.364
-0.9511843793448155,-0.9862216414038396,0.7274923777682368,0.8151779013006786,-0.6705848717221687,-0.5282015384337324,0.4715359842429136,-1.1198035235657875,0,1.111
-0.05180262552631094,-0.9289027767752404,-0.8626868427477684,-1.3777402331873008,0.28722381257491325,-0.5282015384337324,0.06443557583279864,-0.07441574542918732,0,0.381
-0.05180262552631094,-0.16465124839391748,-1.1111523459533943,0.8151779013006786,-0.6487873514637345,-0.5282015384337324,2.3648491102583566,1.2835799535006696,1,1.172
1.2972700052014459,1.3829580965782613,1.8207405918729904,-0.6467675216913076,0.3654384440904714,1.8932167501164119,1.3813757743486808,1.0751746729718286,0,0.7050000000000001
-0.9511843793448155,-0.030907230927185978,-0.6142213395421425,-1.3777402331873008,-0.23335225947945798,-0.5282015384337324,2.755868629354975,0.3339913768974888,0,0.41400000000000003
-0.05180262552631094,-1.139071947080104,-0.6142213395421425,0.8151779013006786,-0.6064745180208915,-0.5282015384337324,0.8278546369261954,0.8213908232955821,0,1.1079999999999999
0.8475791282921936,0.42764368610160775,0.6777992771271116,0.8151779013006786,0.28337719135283673,-0.5282015384337324,-0.09214150432493814,1.2987061432164706,0,1.1400000000000001
-0.9511843793448155,0.026411633701413237,-0.9620730440300187,0.8151779013006786,0.32440781772165395,-0.5282015384337324,2.515501652247963,-0.7013122747619067,0,1.135
1.2972700052014459,-0.4130329951178474,1.6219681893084896,-0.6467675216913076,0.3167145752775007,-0.5282015384337324,0.4723823468383612,1.439883913897298,0,0.634
-0.5014935024355632,-1.139071947080104,-0.6142213395421425,0.8151779013006786,-0.3243889617352716,-0.5282015384337324,0.1363763964458129,1.5037500482529118,0,1.148
-0.5014935024355632,0.7333442974541369,1.2244233841794885,0.8151779013006786,0.3346654743138583,-0.5282015384337324,-0.26395311120072495,-0.9584574999305556,0,1.129
-0.9511843793448155,-1.1581782352896373,-0.763300641465518,-1.3777402331873008,0.3103035399073731,-0.5282015384337324,0.08813372850532104,0.36088238083669333,0,0.379
0.8475791282921936,2.643973118407444,1.8207405918729904,0.8151779013006786,-0.6500695585377599,-0.5282015384337324,0.17361635064549064,-1.4878741399836568,0,1.207
-0.9511843793448155,-0.27928897765111593,-0.41544893697764196,0.8151779013006786,0.41159789875539105,-0.5282015384337324,1.6107400377148788,-0.7248419032087112,0,1.1440000000000001
-0.5014935024355632,-0.3557141304892482,-1.061459245312269,-1.3777402331873008,0.3295366460177561,-0.5282015384337324,-0.572029095943515,0.5575228471421309,0,0.365
-0.05180262552631094,0.04551792191094631,0.18086827071586,-1.3777402331873008,-0.6693026646481431,-0.5282015384337324,2.6339924156105745,1.0079471631238173,0,0.385
0.8475791282921936,-0.2219701130225167,-0.8129937421066432,-0.6467675216913076,-0.6436585231676323,-0.5282015384337324,-0.10568330585209376,-0.35845197453704314,0,0.622
-0.05180262552631094,-0.5849895890036451,-0.7136075408243929,0.8151779013006786,-0.3410576536976037,-0.5282015384337324,0.7423720147860259,0.4297905784309082,0,1.1400000000000001
-0.05180262552631094,0.42764368610160775,1.5225819880262395,-0.6467675216913076,0.3256900247956796,-0.5282015384337324,-0.3460502829591057,-1.7416579896599034,0,0.644
-0.9511843793448155,-0.10733238376531827,-0.16698343377201613,-1.3777402331873008,-0.3115668909950161,-0.5282015384337324,0.5544795185967419,-0.8542548596661351,0,0.392
-0.5014935024355632,-0.14554496018438443,-1.1111523459533943,0.8151779013006786,-0.6346830736494534,-0.5282015384337324,-1.1187793326024222,-0.4223181088926545,0,1.156
2.6463426359292024,1.1918952144829307,-0.3160627356953916,0.8151779013006786,0.3449231309060627,-0.5282015384337324,2.2903692018590007,-1.3870328752116363,0,1.1689999999999998
-0.5014935024355632,1.9561467428642536,2.2679784976431168,0.08420518980468551,0.3615918228683949,-0.5282015384337324,1.3297476560264,1.2045876294292548,0,0.914
-0.5014935024355632,-0.4321392833273805,-0.0675972324897658,-1.3777402331873008,0.034629018991880985,-0.5282015384337324,0.5925658353918668,-1.1517365907435932,0,0.397
-0.5014935024355632,0.5422814153588061,-0.11729033313089096,0.08420518980468551,-0.6282720382793257,-0.5282015384337324,-1.0104449203851777,1.317193708424674,0,0.886
2.19665175901995,-0.5085644361655128,2.2182853970019916,0.8151779013006786,-0.001272779080834304,-0.5282015384337324,0.16938453766825415,-1.150055902997392,1,1.1320000000000001
2.6463426359292024,3.8667755638175607,1.4728888873851143,0.8151779013006786,0.31415016112944955,1.8932167501164119,-0.6685144318244984,-1.096273895118983,0,1.166
-0.9511843793448155,-0.833371335727575,-1.1111523459533943,-1.3777402331873008,0.3577452016463181,-0.5282015384337324,0.1778481636227265,-0.20382870188661353,0,0.363
1.2972700052014459,1.0963637734352654,-0.4651420376187671,-0.6467675216913076,-0.6718670787961942,-0.5282015384337324,0.26417714835834377,0.7171881830311616,1,0.636
-0.5014935024355632,-0.5085644361655128,-0.763300641465518,0.8151779013006786,-0.3218245475872205,1.8932167501164119,0.1778481636227265,-1.5601437130702693,1,1.108
0.3978882513829413,1.1345763498543313,-0.41544893697764196,0.8151779013006786,0.28465939842686216,1.8932167501164119,0.7110565987544788,-0.7197998399701101,0,1.122
-0.9511843793448155,-0.47035185974644667,-1.061459245312269,-1.3777402331873008,0.3013280903891944,-0.5282015384337324,1.7563144041318015,1.0650905464946263,0,0.36200000000000004
-0.05180262552631094,-0.7187336064703765,0.32994757263923546,-1.3777402331873008,-0.6718670787961942,-0.5282015384337324,0.07882373995540161,0.24827630184127172,0,0.35500000000000004
1.746960882110698,0.8097694502922692,1.9201267931552406,0.8151779013006786,-0.6821247353883986,-0.5282015384337324,0.03735197277848741,0.8062646335797786,1,1.131
-0.9511843793448155,-0.6232021654227112,0.2802544719981103,0.8151779013006786,0.31158574698139846,1.8932167501164119,0.38689972469819106,-1.4004783771812386,1,1.118
-0.05180262552631094,0.9626197559685338,-0.6639144401832677,0.8151779013006786,0.2961992620930922,1.8932167501164119,-1.5732760463575823,0.8902990208897945,1,1.124
-0.5014935024355632,-0.06911980734625213,-0.01790413184864064,0.8151779013006786,0.3038925045372455,1.8932167501164119,-0.5305573287666008,1.0734939852256298,0,1.1159999999999999
-0.5014935024355632,-0.06911980734625213,-0.4651420376187671,-1.3777402331873008,0.29363484794504113,-0.5282015384337324,-0.9723586035900523,0.7709701909095706,0,0.376
-0.9511843793448155,-0.06911980734625213,-0.6639144401832677,0.8151779013006786,-0.6564805939078877,-0.5282015384337324,-0.1149932944020132,-1.1433331520125898,0,1.11
0.8475791282921936,0.5231751271492732,2.913988805977744,0.8151779013006786,0.2859416055008878,-0.5282015384337324,-0.2453331341008858,-1.138291088773991,0,1.1380000000000001
0.3978882513829413,-0.9862216414038396,0.8268785790504871,0.8151779013006786,0.3205611964995774,-0.5282015384337324,-0.7209889127422264,-0.9433313102147521,0,1.117
-0.05180262552631094,-1.0244342178229058,-0.41544893697764196,-1.3777402331873008,0.2949170550190665,-0.5282015384337324,-0.03712793562086863,0.22138529790206718,0,0.372
-0.05180262552631094,-0.7187336064703765,-0.36575583633651676,0.8151779013006786,-0.6603272151299644,-0.5282015384337324,1.438082068243645,-1.6727497920656909,0,1.115
-0.9511843793448155,-0.814265047518042,-1.1111523459533943,0.08420518980468551,0.2923526408710154,-0.5282015384337324,2.5975988240063437,0.16928397776985693,0,0.854
0.3978882513829413,0.16015565116814473,-0.5148351382598922,0.8151779013006786,-0.042303405449651776,-0.5282015384337324,0.7829974193674925,0.6617254874065513,0,1.121
-0.9511843793448155,-0.6614147418417774,-0.763300641465518,-1.3777402331873008,0.3000458833151687,-0.5282015384337324,-0.8733341799227271,1.2785378902620685,0,0.378
3.995415266656959,2.854142288712308,1.72135439059074,0.8151779013006786,-0.652633972685811,-0.5282015384337324,0.8168519231853819,-1.6542622268574876,0,1.225
-0.9511843793448155,0.29389966863487627,1.4728888873851143,-0.6467675216913076,0.4333954190138255,-0.5282015384337324,1.0902270415148354,-1.588715404755675,0,0.627
-0.05180262552631094,-1.062646794241972,-0.2663696350542665,0.8151779013006786,-0.3333644112534504,-0.5282015384337324,0.4571478201203112,0.5692876613655343,0,1.1239999999999999
-0.5014935024355632,0.08373049833001245,-0.7136075408243929,0.8151779013006786,0.3038925045372455,-0.5282015384337324,-0.3164275921184527,0.13903159833825246,0,1.1320000000000001
-0.9511843793448155,-0.9862216414038396,-0.8626868427477684,0.8151779013006786,0.31415016112944955,-0.5282015384337324,-0.15307961119713828,1.2415627598456618,0,1.1320000000000001
-0.05180262552631094,0.007305345491880165,-0.5645282389010174,0.8151779013006786,0.31415016112944955,-0.5282015384337324,-0.47215830968074246,0.19449429396286266,0,1.1199999999999999
-0.5014935024355632,1.841509013607055,-0.16698343377201613,0.8151779013006786,0.2987636762411433,-0.5282015384337324,0.14822547278207351,-0.07945780866778845,1,1.143
-0.5014935024355632,-0.8906902003561742,-0.5148351382598922,0.8151779013006786,0.32825443894373074,1.8932167501164119,-1.2245746570333254,0.3407141278822911,0,1.116
-0.05180262552631094,0.5804939917778723,1.8207405918729904,0.8151779013006786,0.2923526408710154,-0.5282015384337324,0.4089051521798193,0.44323608040051043,0,1.1400000000000001
-0.05180262552631094,-0.7951587593085089,-0.5148351382598922,0.8151779013006786,0.3231256106476285,-0.5282015384337324,2.163414812541917,1.0617291710022263,0,1.1019999999999999
1.2972700052014459,0.6378128564064716,-0.763300641465518,0.8151779013006786,0.2756839489086835,-0.5282015384337324,0.17954088881362124,1.5121534869839128,0,1.131
-0.05180262552631094,-0.27928897765111593,-0.0675972324897658,0.8151779013006786,0.31286795405542417,-0.5282015384337324,-0.5432527676983093,0.7054233688077605,0,1.123
0.3978882513829413,0.44674997431114083,-0.6142213395421425,-0.6467675216913076,0.3013280903891944,-0.5282015384337324,1.9882177552843414,-1.6340939739030829,1,0.615
0.8475791282921936,0.5040688389397401,0.8268785790504871,0.8151779013006786,-0.34875089614175697,1.8932167501164119,0.802463759062779,-1.0929125196265805,0,1.143
-0.9511843793448155,1.5931272668831251,1.1747302835383633,0.8151779013006786,0.32825443894373074,-0.5282015384337324,-1.012137645576072,1.4566907913593026,0,1.147
1.2972700052014459,1.6886587079307904,-0.9620730440300187,0.8151779013006786,0.3333832672398329,-0.5282015384337324,-0.6194254012885595,1.2886220167392708,0,1.1460000000000001
-0.9511843793448155,-0.7569461828894427,-0.41544893697764196,-1.3777402331873008,0.3321010601658072,-0.5282015384337324,0.9099518086845763,1.3373619613790786,0,0.45
-0.5014935024355632,-0.6805210300513105,-0.16698343377201613,-1.3777402331873008,-0.5603150633559718,-0.5282015384337324,0.867633678912215,-1.365183934511033,0,0.42100000000000004
1.2972700052014459,1.4975958258354598,1.7710474912318652,0.8151779013006786,-0.5987812755767382,-0.5282015384337324,-0.5339427791483896,-1.277788171708617,0,1.134
3.545724389747707,0.35121853326347546,3.858157718159122,0.8151779013006786,0.3167145752775007,-0.5282015384337324,-1.7662467181195498,0.646599297690748,1,1.137
-0.05180262552631094,-0.7569461828894427,-0.4651420376187671,-1.3777402331873008,0.3205611964995774,1.8932167501164119,0.628959426996098,1.5743389335933229,0,0.366
-0.05180262552631094,-0.7187336064703765,-0.2663696350542665,0.8151779013006786,-0.6680204575741177,-0.5282015384337324,0.7025929728000064,-1.2559392310080113,1,1.121
1.2972700052014459,-0.8906902003561742,1.2244233841794885,0.8151779013006786,0.3000458833151687,1.8932167501164119,-0.6041908745705095,-0.5113945594412715,0,1.112
-0.05180262552631094,-0.6040958772131781,-1.011766144671144,-1.3777402331873008,0.28978822672296434,-0.5282015384337324,3.7334174270965197,0.08020752722123987,0,0.376
0.3978882513829413,0.5613877035683392,1.423195786743989,0.8151779013006786,-0.6551983868338621,-0.5282015384337324,-0.8250915119822352,-1.593757467994276,0,1.1440000000000001
-0.05180262552631094,-0.31750155407018205,2.913988805977744,0.8151779013006786,0.3295366460177561,-0.5282015384337324,0.401287888820794,1.4197156609428958,0,1.193
0.8475791282921936,-0.20286382481298362,2.4667509002076176,0.8151779013006786,0.392364792645008,-0.5282015384337324,2.297986465218026,1.0802167362104298,0,1.1219999999999999
-0.9511843793448155,-0.5467770125845789,0.18086827071586,-1.3777402331873008,0.3013280903891944,-0.5282015384337324,-0.22417406921470517,1.5995492497863286,0,0.371
-0.5014935024355632,-0.814265047518042,-0.3160627356953916,0.8151779013006786,-0.6628916292780155,-0.5282015384337324,1.9695977781845024,-0.07273505768298852,0,1.121
-0.05180262552631094,-1.0244342178229058,-0.9123799433888935,0.8151779013006786,0.3013280903891944,-0.5282015384337324,1.9255869232212466,1.4987079850143106,0,1.1179999999999999
-0.9511843793448155,0.17926193937767781,-0.5645282389010174,0.8151779013006786,0.2961992620930922,-0.5282015384337324,-0.8547142028228882,0.1457543493230524,0,1.1219999999999999
-0.9511843793448155,0.6760254328255377,0.9262647803327374,-0.6467675216913076,0.3013280903891944,-0.5282015384337324,-0.17085322570153008,0.16928397776985693,0,0.613
-0.5014935024355632,-0.7187336064703765,-1.1111523459533943,0.8151779013006786,-0.3500331032157825,-0.5282015384337324,0.4630723582884418,-0.07105436993678735,1,1.113
-0.05180262552631094,-1.0053279296133726,-1.1608454465945193,-1.3777402331873008,0.28978822672296434,1.8932167501164119,0.4089051521798193,-0.6861860850461032,0,0.367
-0.9511843793448155,-0.33660784227971513,0.2802544719981103,0.8151779013006786,-0.6667382505000921,-0.5282015384337324,-0.9427359127493996,-0.2576107097650226,0,1.133
-0.05180262552631094,-0.14554496018438443,1.8207405918729904,-0.6467675216913076,0.31543236820347526,-0.5282015384337324,1.8646488163490464,1.0180312896010195,0,0.655
-0.9511843793448155,-0.20286382481298362,-1.1111523459533943,0.8151779013006786,-0.29746261318073514,-0.5282015384337324,-0.7751561188508489,-1.5735892150398716,1,1.13
-0.9511843793448155,0.04551792191094631,-1.011766144671144,-1.3777402331873008,0.31158574698139846,1.8932167501164119,-0.6041908745705095,-1.2189641005916045,0,0.379
-0.5014935024355632,-0.33660784227971513,-0.2663696350542665,-1.3777402331873008,-0.6513517656117855,-0.5282015384337324,0.9928953430384047,-0.8559355474123364,0,0.404
-0.5014935024355632,-0.05001351913671905,-1.1608454465945193,-1.3777402331873008,-0.6192965887611469,-0.5282015384337324,0.5705604079102391,0.8129873845645785,0,0.36100000000000004
2.6463426359292024,0.75245058566367,0.03178896879248452,0.8151779013006786,-0.6744314929442453,-0.5282015384337324,1.2713486369405416,-0.5618151918272806,0,1.143
-0.9511843793448155,-0.18375753660345057,-0.36575583633651676,0.8151779013006786,0.32825443894373074,-0.5282015384337324,0.8007710338718842,-0.8609776106509375,0,1.126
-0.05180262552631094,-0.4130329951178474,0.08148206943360968,0.8151779013006786,0.3064569186852963,-0.5282015384337324,1.0986906674693078,0.036509645820033125,0,1.166
2.6463426359292024,2.5293353891502455,2.7649095040543683,0.8151779013006786,0.3577452016463181,-0.5282015384337324,2.674617820192041,0.6533220486755502,0,1.208
-0.05180262552631094,-0.9671153531943065,-0.763300641465518,-1.3777402331873008,0.41159789875539105,-0.5282015384337324,1.5565728316062564,1.6029106252787286,0,0.364
1.2972700052014459,0.2747933804253432,0.9262647803327374,0.8151779013006786,-0.6705848717221687,-0.5282015384337324,-0.673592607397182,-1.361822559018633,1,1.1420000000000001
-0.9511843793448155,-0.06911980734625213,-0.9620730440300187,0.8151779013006786,0.32697223186970503,1.8932167501164119,0.9531163010523851,-1.2122413496068045,0,1.135
-0.05180262552631094,-0.3557141304892482,-0.763300641465518,-1.3777402331873008,0.31799678235152634,-0.5282015384337324,0.17869452621817417,1.305428894201273,1,0.395
-0.9511843793448155,-0.5849895890036451,-1.061459245312269,0.8151779013006786,-0.6308364524273767,1.8932167501164119,-0.30796396616398064,-0.7466908439093146,1,1.125
-0.9511843793448155,-0.4130329951178474,-0.5645282389010174,-1.3777402331873008,0.3051747116112709,1.8932167501164119,0.3894388124845328,-1.5769505905322738,0,0.38
-0.9511843793448155,0.14104936295861167,0.08148206943360968,0.8151779013006786,-0.6487873514637345,-0.5282015384337324,-0.5457918554846508,-0.3080313421510317,0,1.144
-0.9511843793448155,-0.24107640123204976,0.03178896879248452,-1.3777402331873008,0.3295366460177561,-0.5282015384337324,1.4101521025938866,-0.4929069942330681,0,0.41100000000000003
-0.05180262552631094,-0.05001351913671905,-0.8129937421066432,-1.3777402331873008,-0.6103211392429682,-0.5282015384337324,1.3788366865623396,1.2768572025158673,0,0.377
-0.05180262552631094,-0.47035185974644667,-0.9123799433888935,0.8151779013006786,-0.6539161797598366,-0.5282015384337324,0.2574062475947661,-0.5500503776038795,0,1.134
-0.9511843793448155,1.287426655530596,2.665523302772118,0.08420518980468551,0.31543236820347526,-0.5282015384337324,0.03142743461035681,0.08861096595224338,0,0.901
-0.5014935024355632,-0.05001351913671905,1.0256509816149877,0.8151779013006786,0.019242534103574432,-0.5282015384337324,0.041583785755723295,0.905425210605598,0,1.127
-0.05180262552631094,-0.6423084536322443,-0.6142213395421425,-1.3777402331873008,0.307739125759322,-0.5282015384337324,-0.5517163936527815,-1.627371222918283,0,0.369
-0.5014935024355632,-0.8906902003561742,0.6281061764859864,-0.6467675216913076,-0.664173836352041,-0.5282015384337324,-1.3456045081822787,0.3776892582986979,0,0.622
-0.05180262552631094,0.9626197559685338,1.3238095854617387,0.8151779013006786,-0.33977544662357817,-0.5282015384337324,-0.21232499287844428,-0.9853485038697601,0,1.131
1.746960882110698,2.854142288712308,-0.9123799433888935,0.8151779013006786,0.31286795405542417,-0.5282015384337324,-0.5881099852570121,0.7003813055691593,0,1.167
-0.05180262552631094,-0.7951587593085089,-0.7136075408243929,0.8151779013006786,0.35902740872034383,-0.5282015384337324,1.529489228551945,-1.242493729038409,1,1.106
-0.05180262552631094,0.6569191446160046,2.118899195719741,0.8151779013006786,0.28081277720478565,1.8932167501164119,-0.7184498249558847,0.2028977326938638,0,1.1300000000000001
-0.9511843793448155,-0.011800942717652908,0.32994757263923546,-1.3777402331873008,0.31158574698139846,-0.5282015384337324,-1.1712538135201502,0.2852514322576809,0,0.375
-0.9511843793448155,-0.24107640123204976,-0.9123799433888935,-1.3777402331873008,-0.6577628009819132,-0.5282015384337324,-0.9291941112222439,-0.4929069942330681,0,0.376
-0.5014935024355632,-0.7951587593085089,-0.9123799433888935,-1.3777402331873008,-0.6551983868338621,-0.5282015384337324,-0.8707950921363853,1.3776984672878878,0,0.36200000000000004
-0.9511843793448155,1.2492140791115298,-0.9620730440300187,-0.6467675216913076,-0.6718670787961942,-0.5282015384337324,0.4910023239382001,0.7373564359855662,0,0.621
-0.5014935024355632,0.04551792191094631,0.6281061764859864,0.8151779013006786,-0.3410576536976037,-0.5282015384337324,-0.7709243058736127,1.2583696373076638,0,1.129
-0.9511843793448155,-0.5849895890036451,-0.16698343377201613,0.8151779013006786,0.3103035399073731,-0.5282015384337324,-0.20470772951941926,-0.7450101561631158,0,1.131
0.3978882513829413,1.0581511970161992,-0.7136075408243929,0.8151779013006786,0.31158574698139846,-0.5282015384337324,0.5959512857736562,-1.6693884165732908,0,1.139
-0.5014935024355632,-1.062646794241972,-0.6639144401832677,-1.3777402331873008,0.3231256106476285,-0.5282015384337324,0.22185901858598248,-0.25929139751122376,0,0.377
-0.5014935024355632,-0.47035185974644667,-1.061459245312269,-1.3777402331873008,-0.6539161797598366,-0.5282015384337324,0.5223177399697472,1.0768553607180298,0,0.36500000000000005
-0.05180262552631094,0.5996002799874054,1.423195786743989,0.8151779013006786,-0.6693026646481431,-0.5282015384337324,-0.5821854470888815,0.3087810607044831,0,1.129
-0.9511843793448155,1.7650838607689228,4.106623221364748,0.8151779013006786,0.31158574698139846,-0.5282015384337324,-0.06421153867517986,-0.8693810493819386,1,1.145
0.8475791282921936,-0.14554496018438443,-0.8626868427477684,-0.6467675216913076,0.33081885309178183,1.8932167501164119,-0.5872636226615651,1.6432471311875378,1,0.636
-0.05180262552631094,-0.39392670690831433,0.2802544719981103,-1.3777402331873008,-0.3218245475872205,1.8932167501164119,-1.3261381684869926,-0.15676944499300444,1,0.367
-0.9511843793448155,-0.5276707243750458,-0.16698343377201613,0.8151779013006786,-0.6667382505000921,1.8932167501164119,0.06612830102369276,0.9659299694688094,0,1.126
-0.05180262552631094,-0.011800942717652908,0.7274923777682368,0.8151779013006786,0.3064569186852963,-0.5282015384337324,0.7635310796722066,0.643237922198348,1,1.131
3.995415266656959,2.166315913169117,0.7274923777682368,0.8151779013006786,0.31286795405542417,1.8932167501164119,0.8752509422712402,-0.19542526315561243,1,1.149
0.8475791282921936,-0.47035185974644667,1.7710474912318652,-0.6467675216913076,0.335947681387884,1.8932167501164119,-0.5407136799119676,-1.200476535383401,0,0.621
0.3978882513829413,0.5613877035683392,-1.1608454465945193,-0.6467675216913076,-0.3410576536976037,-0.5282015384337324,0.6204958010416256,-0.2945858401814294,0,0.624
1.2972700052014459,-0.7187336064703765,0.9759578809738626,0.8151779013006786,-0.33721103247552703,-0.5282015384337324,-0.38921477532691434,-1.2525778555156113,0,1.116
-0.5014935024355632,-0.2219701130225167,0.08148206943360968,0.8151779013006786,0.2923526408710154,-0.5282015384337324,-1.3058254661962592,-0.7366067174321147,1,1.129
-0.9511843793448155,-1.1581782352896373,0.23056137135698518,0.8151779013006786,0.31158574698139846,1.8932167501164119,-0.5584872944163594,1.3188743961708753,0,1.116
-0.9511843793448155,-1.139071947080104,0.03178896879248452,0.8151779013006786,0.29363484794504113,-0.5282015384337324,-0.922423210458666,1.5407251786693186,0,1.1280000000000001
-0.5014935024355632,-1.081753082451505,0.08148206943360968,0.8151779013006786,0.3090213328333474,-0.5282015384337324,0.33696433156680505,-0.38534297847624766,0,1.1159999999999999
-0.5014935024355632,-0.298395265860649,0.18086827071586,-1.3777402331873008,0.2949170550190665,-0.5282015384337324,0.474921434624703,1.13231805634264,0,0.35600000000000004
-0.9511843793448155,0.1219430747490786,-0.16698343377201613,-1.3777402331873008,-0.6808425283143731,-0.5282015384337324,0.8930245567756321,-1.1097193970885852,0,0.385
-0.9511843793448155,-0.12643867197485134,-0.9123799433888935,-1.3777402331873008,-0.6436585231676323,-0.5282015384337324,-0.18100957684689686,0.4566815823701127,0,0.382
0.8475791282921936,-0.7569461828894427,1.5722750886673644,0.8151779013006786,-0.6475051443897089,-0.5282015384337324,-0.9359650119858216,0.7810543173867729,0,1.108
-0.9511843793448155,-0.814265047518042,1.6219681893084896,-0.6467675216913076,0.28337719135283673,-0.5282015384337324,-0.5280182409802591,-0.9550961244381556,0,0.612
-0.5014935024355632,-0.12643867197485134,0.32994757263923546,-1.3777402331873008,-0.3525975173638336,-0.5282015384337324,2.430019030107793,-1.0357691362557715,1,0.371
1.2972700052014459,1.4975958258354598,-0.4651420376187671,0.8151779013006786,-0.6616094222039899,1.8932167501164119,0.06443557583279864,-1.1332490255353898,1,1.1480000000000001
-0.5014935024355632,-0.4894581479559797,0.03178896879248452,-1.3777402331873008,0.3346654743138583,1.8932167501164119,-0.673592607397182,-0.7769432233409215,0,0.376
-0.05180262552631094,-1.0435405060324388,-0.9123799433888935,-1.3777402331873008,-0.6551983868338621,-0.5282015384337324,1.671678144587079,1.39450534474989,0,0.374
-0.9511843793448155,-1.119965658870571,-0.5645282389010174,-1.3777402331873008,-0.6564805939078877,-0.5282015384337324,-0.7827733822098739,0.6835744281071547,0,0.35700000000000004
-0.5014935024355632,1.4784895376259266,1.5722750886673644,-0.6467675216913076,-0.6795603212403475,-0.5282015384337324,-0.3629775348680502,-0.03407923952038053,0,0.645
-0.05180262552631094,-0.26018268944158285,-0.3160627356953916,0.8151779013006786,-0.31028468392099057,-0.5282015384337324,0.007729281937834406,-1.022323634286167,0,1.1219999999999999
-0.05180262552631094,3.0452051708076384,2.566137101489868,0.8151779013006786,0.3013280903891944,-0.5282015384337324,-0.572029095943515,0.6331537957211457,1,1.155
-0.5014935024355632,-1.0435405060324388,-1.1111523459533943,0.8151779013006786,0.3423587167580116,1.8932167501164119,-0.30203942799585004,1.3575302143334833,1,1.113
0.8475791282921936,-0.9097964885657073,1.1747302835383633,0.8151779013006786,0.28978822672296434,1.8932167501164119,0.9412672247161239,-1.3114019266326216,1,1.117
-0.5014935024355632,-0.31750155407018205,-0.3160627356953916,-1.3777402331873008,0.2949170550190665,1.8932167501164119,-0.40360293944951703,0.05163583553583657,1,0.36300000000000004
-0.9511843793448155,-0.3748204186987813,-1.011766144671144,-1.3777402331873008,-0.6718670787961942,1.8932167501164119,0.7423720147860259,-0.07441574542918732,0,0.372
2.6463426359292024,1.5931272668831251,2.317671598284242,0.8151779013006786,-0.6603272151299644,-0.5282015384337324,0.011961094915070592,-1.5752699027860728,0,1.133
-0.05180262552631094,-0.298395265860649,-0.4651420376187671,0.8151779013006786,0.31543236820347526,-0.5282015384337324,-0.3739802486088643,0.3457561911208923,0,1.141
-0.9511843793448155,-1.081753082451505,0.5784130758448613,0.8151779013006786,0.3256900247956796,-0.5282015384337324,-1.2381164585604811,-0.06265093120578623,0,1.125
-0.05180262552631094,-0.565883300794112,-0.7136075408243929,-1.3777402331873008,0.3038925045372455,-0.5282015384337324,-0.20724681730576072,-0.6441688913910953,0,0.377
-0.5014935024355632,3.4273309349983,-0.8626868427477684,0.8151779013006786,-0.652633972685811,-0.5282015384337324,3.201901717155662,1.6264402537255331,0,1.154
0.3978882513829413,0.42764368610160775,3.1127612085422447,0.8151779013006786,0.3423587167580116,-0.5282015384337324,-0.5364818669347314,0.7961805071025764,0,1.138
-0.5014935024355632,-0.4512455715369136,-1.1111523459533943,-1.3777402331873008,0.32184340357360286,-0.5282015384337324,-0.5440991302937564,-1.6105643454562784,1,0.378
-0.5014935024355632,0.8670883149208685,1.4728888873851143,-0.6467675216913076,-0.652633972685811,1.8932167501164119,0.9099518086845763,1.1138304911344366,0,0.634
-0.05180262552631094,-0.833371335727575,-0.0675972324897658,0.8151779013006786,-0.32310675466124605,-0.5282015384337324,0.14568638499573233,-0.6693792075841011,0,1.11
-0.05180262552631094,-0.7378398946799096,-0.6142213395421425,-1.3777402331873008,0.28465939842686216,-0.5282015384337324,-0.15477233638803298,0.30037762197348195,0,0.37
0.3978882513829413,0.8479820267113354,1.3735026861028639,-0.6467675216913076,-0.664173836352041,-0.5282015384337324,-1.4014644394817954,0.565926285873132,0,0.639
-0.5014935024355632,-0.5849895890036451,-1.011766144671144,0.8151779013006786,-0.3179779263651439,-0.5282015384337324,-0.6541262677018957,-1.0307270730171705,0,1.117
-0.05180262552631094,-0.9480090649847734,0.5784130758448613,-0.6467675216913076,0.2949170550190665,-0.5282015384337324,0.25486715980842434,1.1524863092970445,0,0.605
-0.9511843793448155,1.535808402254526,0.5784130758448613,0.8151779013006786,-0.3615729668820124,-0.5282015384337324,1.5108692514521063,-1.5214878949076613,1,1.129
1.2972700052014459,1.1918952144829307,-1.061459245312269,0.8151779013006786,0.3090213328333474,1.8932167501164119,-1.7044622486519023,-1.0021553813317647,0,1.132
2.19665175901995,1.8797215900261213,0.37964067328036066,0.8151779013006786,0.31543236820347526,-0.5282015384337324,-1.3963862639091122,-0.2912244646890294,0,1.147
-0.05180262552631094,-0.6996273182608435,-0.36575583633651676,0.8151779013006786,0.3333832672398329,-0.5282015384337324,0.2861825758399714,-1.0441725749867727,1,1.129
3.0960335128384546,1.8797215900261213,0.7771854784093619,0.8151779013006786,0.3090213328333474,1.8932167501164119,-0.3765193363952058,-0.5483696898576783,0,1.137
1.746960882110698,-0.3748204186987813,-0.36575583633651676,0.8151779013006786,0.3192789894255518,-0.5282015384337324,0.5654822323375561,0.9810561591846104,0,1.1239999999999999
-0.5014935024355632,-0.7951587593085089,1.3735026861028639,-0.6467675216913076,0.3038925045372455,-0.5282015384337324,-1.2685855119965812,-1.015600883301367,0,0.62
-0.5014935024355632,0.14104936295861167,-0.5645282389010174,-0.6467675216913076,-0.34233986077162926,-0.5282015384337324,0.08644100331442633,-0.8962720533211431,0,0.628
-0.9511843793448155,-0.27928897765111593,-0.41544893697764196,-1.3777402331873008,-0.33208220417942486,-0.5282015384337324,0.32934706820777976,-1.4424955708362466,0,0.373
-0.05180262552631094,-0.8906902003561742,-0.9620730440300187,0.8151779013006786,-0.6590450080559388,-0.5282015384337324,2.4985744003390185,0.3575210053442934,0,1.115
-0.5014935024355632,0.17926193937767781,-0.9620730440300187,0.8151779013006786,0.29363484794504113,-0.5282015384337324,-0.628735389838479,1.5575320561313208,0,1.1320000000000001
-0.9511843793448155,-1.1581782352896373,-0.16698343377201613,-1.3777402331873008,0.31415016112944955,-0.5282015384337324,0.44783783157039175,0.5155056534871229,0,0.36200000000000004
-0.9511843793448155,-0.4321392833273805,-0.5645282389010174,-1.3777402331873008,-0.6731492858702198,-0.5282015384337324,0.7973855834900954,-1.4727479502678533,0,0.36000000000000004
-0.05180262552631094,-0.9671153531943065,-1.1111523459533943,-1.3777402331873008,-0.6757137000182709,-0.5282015384337324,-0.33927938219552806,1.1339987440888413,0,0.372
0.8475791282921936,-0.5849895890036451,2.8146026046954935,0.8151779013006786,-0.6603272151299644,-0.5282015384337324,-0.13615235928819383,-0.3567712867908419,1,1.128
-0.5014935024355632,0.771556873873203,-0.6142213395421425,0.08420518980468551,0.3090213328333474,1.8932167501164119,-0.3460502829591057,1.263411700546265,0,0.871
-0.9511843793448155,-0.5849895890036451,0.23056137135698518,0.8151779013006786,-0.020505885191217495,-0.5282015384337324,-0.9021105081679327,-0.23408108131821803,0,1.122
-0.05180262552631094,0.5231751271492732,-0.11729033313089096,0.8151779013006786,0.3013280903891944,-0.5282015384337324,-0.899571420381591,0.08020752722123987,0,1.13
1.2972700052014459,1.287426655530596,-0.6142213395421425,0.8151779013006786,0.31158574698139846,-0.5282015384337324,-0.5745681837298565,0.3575210053442934,1,1.149
0.8475791282921936,3.0069925943885725,2.317671598284242,0.8151779013006786,0.335947681387884,1.8932167501164119,2.0483094995610944,1.1541669970432433,1,1.207
-0.05180262552631094,-0.9480090649847734,-0.9123799433888935,0.8151779013006786,0.40903348460733996,1.8932167501164119,-0.06505790127062691,-0.07777712092158967,0,1.1440000000000001
-0.9511843793448155,2.357378795264448,-0.7136075408243929,0.8151779013006786,0.3295366460177561,-0.5282015384337324,-0.14123053486087736,0.2768479935266774,0,1.1460000000000001
-0.05180262552631094,0.026411633701413237,0.03178896879248452,0.8151779013006786,0.3321010601658072,-0.5282015384337324,-0.410373840213095,-1.1483752152511908,1,1.121
-0.5014935024355632,-0.8906902003561742,-0.2663696350542665,0.8151779013006786,0.2987636762411433,1.8932167501164119,-1.5021815883400154,0.7541633134475684,0,1.111
-0.5014935024355632,-0.7951587593085089,-0.9620730440300187,-1.3777402331873008,0.28722381257491325,-0.5282015384337324,0.8244691865444066,1.1272759931040388,0,0.372
-0.9511843793448155,-0.3748204186987813,-0.8129937421066432,0.8151779013006786,-0.6590450080559388,-0.5282015384337324,-0.39683203868593936,-1.4710672625216523,0,1.139
-0.05180262552631094,-0.7378398946799096,-0.763300641465518,-1.3777402331873008,0.3231256106476285,-0.5282015384337324,1.6471336293191094,0.12222472087624783,1,0.35400000000000004
-0.9511843793448155,-1.081753082451505,-0.21667653441314128,-1.3777402331873008,-0.6834069424624242,1.8932167501164119,0.1939290529362242,-1.2088799741144023,0,0.35500000000000004
0.3978882513829413,0.35121853326347546,0.23056137135698518,0.8151779013006786,-0.6834069424624242,-0.5282015384337324,1.8214843239812382,-0.5466890021114772,1,1.2029999999999998
-0.05180262552631094,0.7906631620827361,-1.1111523459533943,0.8151779013006786,0.4051868633852635,1.8932167501164119,1.3805294117532336,-1.1601400294745943,0,1.155
-0.5014935024355632,-0.7951587593085089,-0.11729033313089096,0.8151779013006786,0.34364092383203726,-0.5282015384337324,0.07205283919182336,-0.484503555502067,0,1.125
-0.5014935024355632,-0.3748204186987813,-0.4651420376187671,-1.3777402331873008,0.3064569186852963,-0.5282015384337324,-1.3532217715413037,-1.0777863299107795,0,0.373
0.8475791282921936,1.0963637734352654,1.0256509816149877,0.8151779013006786,-0.6590450080559388,-0.5282015384337324,0.011114732319623235,-1.3433349938104295,1,1.136
-0.5014935024355632,-1.062646794241972,-0.7136075408243929,0.8151779013006786,0.3192789894255518,1.8932167501164119,-0.07098243943875752,-1.6122450332024796,0,1.129
1.2972700052014459,0.6187065681969385,1.1747302835383633,0.8151779013006786,0.3103035399073731,-0.5282015384337324,-1.2457337219195062,0.8062646335797786,0,1.1320000000000001
-0.5014935024355632,-1.1008593706610381,-0.2663696350542665,0.8151779013006786,0.31415016112944955,-0.5282015384337324,-1.4150062410089514,0.7289529972545626,0,1.131
-0.9511843793448155,-0.31750155407018205,-0.01790413184864064,-1.3777402331873008,0.31286795405542417,-0.5282015384337324,2.254821972850217,-0.46097392705526247,0,0.368
0.8475791282921936,-1.139071947080104,-1.1111523459533943,0.8151779013006786,-0.6654560434260666,-0.5282015384337324,1.6048154995467483,-0.8525741719199363,0,1.188
-0.5014935024355632,-1.1581782352896373,-0.11729033313089096,0.8151779013006786,0.3859537572748801,-0.5282015384337324,0.2853362132445244,-0.487864930994467,0,1.1139999999999999
0.8475791282921936,0.75245058566367,0.37964067328036066,0.8151779013006786,0.2923526408710154,-0.5282015384337324,0.5739458582920279,-1.639136037141684,0,1.142
-0.9511843793448155,-0.833371335727575,-0.6142213395421425,-1.3777402331873008,0.32697223186970503,-0.5282015384337324,-1.3396799700141482,-1.4861934522374556,0,0.399
-0.05180262552631094,0.29389966863487627,-0.6142213395421425,-0.6467675216913076,-0.6244254170572491,-0.5282015384337324,-1.075614840234614,-0.46097392705526247,0,0.633
2.6463426359292024,0.5422814153588061,0.9262647803327374,0.8151779013006786,-0.32567116880929714,-0.5282015384337324,-0.4738510348716369,-0.3332416583440374,0,1.1400000000000001
-0.05180262552631094,0.08373049833001245,-0.6639144401832677,-1.3777402331873008,0.32440781772165395,-0.5282015384337324,-0.8445578516775214,1.0550064200174265,0,0.381
-0.9511843793448155,1.784190148978456,-0.41544893697764196,0.8151779013006786,-0.6487873514637345,-0.5282015384337324,-0.4950100997578175,-0.10466812486079419,1,1.142
-0.05180262552631094,-0.06911980734625213,0.23056137135698518,0.8151779013006786,0.32697223186970503,1.8932167501164119,-0.6786707829698653,0.7121461197925605,0,1.135
-0.9511843793448155,0.37032482147300855,-0.0675972324897658,0.8151779013006786,0.31799678235152634,-0.5282015384337324,0.276872587290052,0.3827313215372991,0,1.123
-0.05180262552631094,-0.814265047518042,-0.21667653441314128,0.8151779013006786,0.3026102974632198,-0.5282015384337324,-0.5618727447981482,1.182738688728649,0,1.11
0.8475791282921936,1.306532943740129,0.5287199752037361,0.8151779013006786,0.2859416055008878,-0.5282015384337324,-0.3003467028049556,-1.6172870964410806,0,1.123
-0.9511843793448155,-0.2219701130225167,0.08148206943360968,-1.3777402331873008,0.3026102974632198,-0.5282015384337324,-1.6088232753663658,1.0213926650934195,0,0.36400000000000005
-0.05180262552631094,-0.6423084536322443,-0.763300641465518,-1.3777402331873008,-0.6693026646481431,-0.5282015384337324,-0.24871858448267495,0.994501661154215,0,0.35600000000000004
-0.05180262552631094,-0.39392670690831433,0.32994757263923546,0.8151779013006786,-0.6808425283143731,-0.5282015384337324,-0.2952685272322721,0.8684500801891912,1,1.115
-0.05180262552631094,-0.6040958772131781,-0.21667653441314128,-0.6467675216913076,0.2923526408710154,1.8932167501164119,-0.9638949776355802,1.5810616845781253,1,0.619
-0.05180262552631094,-0.0882260955557852,-0.8626868427477684,0.8151779013006786,-0.3436220678456548,1.8932167501164119,-0.24617949669633316,1.402908783480891,1,1.1380000000000001
-0.5014935024355632,-0.9862216414038396,-0.5148351382598922,-1.3777402331873008,0.3205611964995774,1.8932167501164119,1.1537042361733774,1.4701362933289048,0,0.425
-0.05180262552631094,-0.9480090649847734,0.2802544719981103,-1.3777402331873008,-0.5923702402066104,-0.5282015384337324,3.167200850742326,-1.5366140846234648,0,0.36200000000000004
-0.9511843793448155,-1.0435405060324388,-0.3160627356953916,-1.3777402331873008,-0.6731492858702198,-0.5282015384337324,0.8075419346354625,0.24323423860267296,0,0.386
-0.05180262552631094,2.051678183911919,0.7274923777682368,0.08420518980468551,-0.6423763160936067,-0.5282015384337324,0.18123361400451535,-0.32483821961303627,1,0.9
-0.05180262552631094,-0.06911980734625213,-0.6142213395421425,-1.3777402331873008,0.017960327029548886,1.8932167501164119,-0.7379161646511709,0.3071003729582843,1,0.36500000000000005
0.3978882513829413,1.0963637734352654,-0.41544893697764196,-0.6467675216913076,-0.6693026646481431,1.8932167501164119,-0.15307961119713828,0.8466011394885854,0,0.635
1.2972700052014459,0.8861946031304014,0.7274923777682368,0.8151779013006786,-0.3243889617352716,-0.5282015384337324,-0.3502820959363419,0.08188821496744106,0,1.1420000000000001
-0.5014935024355632,-0.12643867197485134,-0.9620730440300187,-1.3777402331873008,0.32697223186970503,-0.5282015384337324,0.017885633083201194,-1.6072029699638783,0,0.374
-0.5014935024355632,-0.4894581479559797,-0.5148351382598922,-1.3777402331873008,-0.6590450080559388,-0.5282015384337324,-0.23856223333730817,0.24323423860267296,0,0.377
-0.9511843793448155,-0.6423084536322443,-0.41544893697764196,-1.3777402331873008,-0.6539161797598366,-0.5282015384337324,1.9729832285662914,-1.111400084834784,0,0.439
-0.05180262552631094,0.08373049833001245,-0.36575583633651676,-1.3777402331873008,-0.5744193411702528,-0.5282015384337324,0.8498600644078238,-1.064340827941175,1,0.376
-0.9511843793448155,-0.5467770125845789,-0.8626868427477684,-1.3777402331873008,-0.6564805939078877,1.8932167501164119,1.1867123773958193,1.0533257322712253,1,0.372
-0.9511843793448155,0.10283678653954552,-0.0675972324897658,0.8151779013006786,-0.6590450080559388,1.8932167501164119,-0.23856223333730817,1.009627850870016,1,1.1320000000000001
-0.9511843793448155,-0.5085644361655128,-0.11729033313089096,-1.3777402331873008,0.31415016112944955,1.8932167501164119,-1.2051083173380392,1.0264347283320208,0,0.383
-0.9511843793448155,-0.16465124839391748,-0.9123799433888935,0.8151779013006786,-0.6462229373156834,-0.5282015384337324,-0.47300467227618953,-1.4828320767450558,0,1.128
-0.05180262552631094,0.8861946031304014,-0.2663696350542665,-0.6467675216913076,0.3090213328333474,-0.5282015384337324,-1.8737347677413474,-0.22567764258721693,1,0.625
-0.05180262552631094,0.8097694502922692,1.3735026861028639,-0.6467675216913076,-0.3359288254015015,1.8932167501164119,0.16938453766825415,-1.5618244008164706,0,0.647
-0.9511843793448155,0.37032482147300855,1.7710474912318652,-0.6467675216913076,-0.3077202697729395,-0.5282015384337324,0.6975147972273229,1.2617310128000638,1,0.679
-0.5014935024355632,-0.7187336064703765,-1.011766144671144,-1.3777402331873008,-0.26668964340412205,1.8932167501164119,0.13891548423215408,1.441564601643499,0,0.384
-0.9511843793448155,0.04551792191094631,-1.061459245312269,0.8151779013006786,-0.6436585231676323,-0.5282015384337324,0.3285007056123327,0.6247503569901446,0,1.124
-0.5014935024355632,-0.8906902003561742,-0.7136075408243929,-1.3777402331873008,0.3051747116112709,-0.5282015384337324,-0.7413016150329601,0.9642492817226082,0,0.382
-0.9511843793448155,-0.2219701130225167,-0.36575583633651676,-1.3777402331873008,-0.6475051443897089,-0.5282015384337324,1.3128204041174558,1.2734958270234673,0,0.384
-0.05180262552631094,0.9244071795494676,0.6281061764859864,0.8151779013006786,-0.6449407302416578,-0.5282015384337324,-0.1996295539467357,1.5087921114915104,0,1.149
2.19665175901995,3.5037560878364324,-0.8129937421066432,0.8151779013006786,0.335947681387884,-0.5282015384337324,-0.00919796997111004,-0.46097392705526247,1,1.1580000000000001
-0.9511843793448155,0.10283678653954552,-1.1608454465945193,-1.3777402331873008,0.3474875450541138,1.8932167501164119,0.9725826407476711,1.6045913130249299,0,0.383
-0.9511843793448155,1.4211706729973275,-0.16698343377201613,0.8151779013006786,-0.6462229373156834,-0.5282015384337324,-0.8174742486232102,0.21802392240966723,0,1.155
0.8475791282921936,0.9435134677590007,-0.8626868427477684,0.8151779013006786,0.34364092383203726,-0.5282015384337324,-0.3824438745633364,0.48189189856311604,0,1.135
0.8475791282921936,0.7333442974541369,0.32994757263923546,0.8151779013006786,0.3192789894255518,-0.5282015384337324,-0.4704655844898477,-0.2794596504656283,0,1.136
-0.9511843793448155,0.14104936295861167,-0.3160627356953916,-1.3777402331873008,0.3192789894255518,-0.5282015384337324,-0.2021686417330775,0.8600466414581877,0,0.381
-0.9511843793448155,-0.24107640123204976,-0.16698343377201613,0.8151779013006786,-0.6487873514637345,-0.5282015384337324,-0.659204443274579,1.1928228152058513,0,1.131
-0.05180262552631094,0.14104936295861167,-0.763300641465518,0.8151779013006786,0.31158574698139846,-0.5282015384337324,-1.3413726952050427,1.6734995106191424,0,1.133
-0.5014935024355632,-0.5467770125845789,-0.9123799433888935,0.8151779013006786,0.3167145752775007,-0.5282015384337324,-1.0637657638983529,-0.7282032787011112,0,1.121
-0.05180262552631094,-0.9480090649847734,-0.0675972324897658,0.8151779013006786,0.2987636762411433,-0.5282015384337324,-0.7082934738105182,-0.7013122747619067,0,1.119
1.746960882110698,0.2747933804253432,1.6219681893084896,0.8151779013006786,0.2974814691671176,-0.5282015384337324,-0.1090687562338826,0.6718096138837537,1,1.139
-0.5014935024355632,-1.1008593706610381,-0.4651420376187671,-1.3777402331873008,0.3231256106476285,1.8932167501164119,0.27602622469460497,-1.104677333849984,0,0.35200000000000004
-0.05180262552631094,0.1219430747490786,-0.2663696350542665,0.8151779013006786,-0.6859713566104753,-0.5282015384337324,-1.019754908935097,-0.4172760456540533,0,1.116
0.3978882513829413,-0.8906902003561742,1.6716612899496148,0.8151779013006786,0.29363484794504113,-0.5282015384337324,-1.4031571646726901,0.33567206464369,1,1.117
-0.9511843793448155,0.007305345491880165,0.8268785790504871,0.8151779013006786,0.2949170550190665,1.8932167501164119,-0.4577701455581395,-0.3786202274914453,0,1.1340000000000001
-0.9511843793448155,0.5040688389397401,0.6777992771271116,-0.6467675216913076,0.31543236820347526,-0.5282015384337324,-0.46115559593992833,1.5457672419079196,0,0.63
-0.05180262552631094,-1.139071947080104,0.2802544719981103,0.8151779013006786,-0.32951779003137377,-0.5282015384337324,-0.4264547295265921,-0.6912281482847045,0,1.123
-0.05180262552631094,0.16015565116814473,-1.1608454465945193,-1.3777402331873008,0.3026102974632198,-0.5282015384337324,0.540091354474139,-1.682833918542893,0,0.386
0.3978882513829413,-0.24107640123204976,-0.5645282389010174,0.8151779013006786,-0.6423763160936067,-0.5282015384337324,-0.8860296188544353,0.6835744281071547,0,1.119
-0.05180262552631094,-0.7760524710989758,-0.21667653441314128,-1.3777402331873008,0.2974814691671176,-0.5282015384337324,1.3822221369441283,1.3155130206784753,0,0.36000000000000004
-0.9511843793448155,-1.0053279296133726,-0.3160627356953916,-1.3777402331873008,-0.6757137000182709,-0.5282015384337324,0.04073742316027624,0.6751709893761536,0,0.362
-0.05180262552631094,-0.33660784227971513,-0.5148351382598922,0.8151779013006786,-0.6744314929442453,-0.5282015384337324,1.4863247361841367,0.6146662305129422,0,1.133
-0.9511843793448155,-0.030907230927185978,-0.2663696350542665,0.8151779013006786,0.3167145752775007,-0.5282015384337324,-0.3697484356316281,-0.41391467016165334,0,1.145
-0.9511843793448155,-0.7951587593085089,-0.6639144401832677,0.8151779013006786,0.3321010601658072,-0.5282015384337324,1.234955045336311,0.8533238904733877,1,1.125
-0.05180262552631094,-0.33660784227971513,-0.6639144401832677,-1.3777402331873008,0.3038925045372455,1.8932167501164119,-0.7057543860241765,0.45163951913151157,0,0.385
0.3978882513829413,-0.9862216414038396,-0.5645282389010174,0.8151779013006786,-0.6449407302416578,-0.5282015384337324,0.4190615033251858,-1.3550998080338306,0,1.115
-0.9511843793448155,-0.10733238376531827,-0.11729033313089096,0.8151779013006786,0.2923526408710154,-0.5282015384337324,0.09321190407800399,-0.03407923952038053,1,1.127
-0.5014935024355632,-0.6614147418417774,-0.5645282389010174,0.8151779013006786,0.307739125759322,1.8932167501164119,-1.2474264471104004,-1.1332490255353898,1,1.128
-0.9511843793448155,-0.16465124839391748,-0.9620730440300187,-1.3777402331873008,0.3090213328333474,1.8932167501164119,0.5934121979873144,0.8466011394885854,0,0.36300000000000004
1.2972700052014459,1.2492140791115298,1.6716612899496148,0.8151779013006786,-0.6718670787961942,-0.5282015384337324,-1.0256794471032278,0.4096223254765036,0,1.144
-0.05180262552631094,-1.119965658870571,-1.061459245312269,-1.3777402331873008,0.3295366460177561,-0.5282015384337324,0.36489429721656336,0.87013076793539,0,0.35600000000000004
-0.5014935024355632,-0.33660784227971513,0.13117517007473484,-1.3777402331873008,-0.6795603212403475,-0.5282015384337324,-1.050223962371197,0.959207218484007,0,0.371
-0.9511843793448155,0.10283678653954552,-0.5645282389010174,-1.3777402331873008,-0.6616094222039899,-0.5282015384337324,-0.5280182409802591,-0.26097208525742255,0,0.38
-0.05180262552631094,0.08373049833001245,-0.8626868427477684,0.8151779013006786,-0.6500695585377599,-0.5282015384337324,-0.2554894852462526,1.0734939852256298,0,1.126
-0.05180262552631094,0.06462421012047938,-0.6639144401832677,0.8151779013006786,0.3064569186852963,-0.5282015384337324,-1.5529633440668487,1.344084712363881,0,1.137
-0.05180262552631094,1.0008323323875998,0.8765716796916123,0.8151779013006786,0.3205611964995774,-0.5282015384337324,0.648425766691384,0.7222302462697627,1,1.149
-0.05180262552631094,-0.7569461828894427,0.03178896879248452,-1.3777402331873008,0.335947681387884,1.8932167501164119,0.3598161216438798,0.9524844674992071,0,0.365
-0.05180262552631094,-0.27928897765111593,-0.9123799433888935,0.8151779013006786,-0.6693026646481431,-0.5282015384337324,-1.1670220005429142,-0.20382870188661353,0,1.129
2.6463426359292024,1.1918952144829307,2.2182853970019916,0.08420518980468551,0.31158574698139846,-0.5282015384337324,-1.277895500546501,-1.1618207172207955,0,0.894
-0.9511843793448155,-0.12643867197485134,-0.6142213395421425,0.8151779013006786,0.007702670437344517,-0.5282015384337324,0.38097518653006046,0.0012152031498251054,0,1.138
-0.05180262552631094,-0.833371335727575,-0.16698343377201613,-1.3777402331873008,0.32184340357360286,-0.5282015384337324,0.7973855834900954,0.4213871396999047,0,0.381
2.6463426359292024,2.815929712293242,-0.763300641465518,0.8151779013006786,-0.6500695585377599,-0.5282015384337324,-1.1120084318388446,-1.5382947723696658,0,1.15
-0.9511843793448155,0.9626197559685338,0.2802544719981103,-0.6467675216913076,0.3372298884619094,-0.5282015384337324,-1.409081702840821,0.4835725863093172,0,0.622
-0.05180262552631094,0.06462421012047938,-1.1111523459533943,0.8151779013006786,-0.33977544662357817,-0.5282015384337324,-0.9689731532082635,-1.4777900135064546,1,1.143
-0.5014935024355632,-0.8524776239371081,-0.9620730440300187,0.8151779013006786,0.32697223186970503,1.8932167501164119,-1.0510703249666444,-0.7517329071479157,1,1.102
-0.9511843793448155,1.1154700616447983,1.5722750886673644,-0.6467675216913076,0.2756839489086835,1.8932167501164119,-1.3227527181052037,-0.92316305726035,0,0.632
-0.05180262552631094,-0.3557141304892482,0.2802544719981103,-1.3777402331873008,-0.3269533758833227,-0.5282015384337324,-1.5775078593348184,-0.5399662511266772,0,0.368
-0.05180262552631094,0.1219430747490786,0.13117517007473484,-1.3777402331873008,-0.6654560434260666,-0.5282015384337324,-0.39344658830415025,-0.6441688913910953,0,0.377
0.3978882513829413,0.2747933804253432,-0.41544893697764196,0.8151779013006786,-0.6539161797598366,-0.5282015384337324,0.05089377430564272,-1.5450175233544658,1,1.139
-0.9511843793448155,0.08373049833001245,-0.6639144401832677,-1.3777402331873008,0.3231256106476285,1.8932167501164119,0.13976184682760173,1.2382013843532593,0,0.386
0.8475791282921936,0.1983682275872109,0.32994757263923546,0.8151779013006786,-0.6423763160936067,-0.5282015384337324,0.182079976599963,0.9037445228593968,0,1.139
-0.9511843793448155,-0.9671153531943065,-0.5148351382598922,0.8151779013006786,0.3231256106476285,-0.5282015384337324,-0.40952747761764763,-1.0761056421645785,0,1.1380000000000001
-0.9511843793448155,-0.9862216414038396,-0.0675972324897658,-1.3777402331873008,0.3231256106476285,-0.5282015384337324,1.3602167094625002,-0.13660119203859986,1,0.35200000000000004
-0.05180262552631094,0.6378128564064716,1.0753440822561129,-0.6467675216913076,-0.6859713566104753,1.8932167501164119,-0.42306927914480325,-0.5298821246494749,0,0.633
-0.9511843793448155,-0.8906902003561742,-0.16698343377201613,-1.3777402331873008,-0.32567116880929714,-0.5282015384337324,-0.681209870756207,-0.5130752471874703,0,0.378
0.8475791282921936,-0.3557141304892482,2.4667509002076176,0.8151779013006786,-0.6513517656117855,-0.5282015384337324,1.1427015224325632,-1.3382929305718285,0,1.115
-0.05180262552631094,-0.5085644361655128,-0.7136075408243929,0.8151779013006786,0.2923526408710154,-0.5282015384337324,0.37843609874371925,1.0180312896010195,0,1.13
0.8475791282921936,0.04551792191094631,-0.36575583633651676,-0.6467675216913076,0.31286795405542417,-0.5282015384337324,0.03819833537393447,-0.3214768441206363,1,0.62
-0.5014935024355632,0.06462421012047938,-0.11729033313089096,0.8151779013006786,-0.34233986077162926,1.8932167501164119,-0.3325084814319501,-0.05760886796718508,1,1.13
0.8475791282921936,1.5931272668831251,0.23056137135698518,0.8151779013006786,0.3103035399073731,1.8932167501164119,-0.2749558249415388,-1.0408111994943703,0,1.162
-0.9511843793448155,-0.9480090649847734,-0.4651420376187671,0.8151779013006786,0.35261637335021595,-0.5282015384337324,1.2112568926637886,-0.06265093120578623,0,1.119
-0.5014935024355632,-0.9289027767752404,0.32994757263923546,0.8151779013006786,0.2974814691671176,-0.5282015384337324,-0.7218352753376739,1.4583714791055014,0,1.131
-0.05180262552631094,-0.9289027767752404,0.32994757263923546,0.8151779013006786,0.31286795405542417,-0.5282015384337324,-1.323599080700651,0.6113048550205423,0,1.113
-0.05180262552631094,-0.030907230927185978,-0.11729033313089096,-1.3777402331873008,0.28978822672296434,-0.5282015384337324,0.29549256438989085,-0.8021535395339272,1,0.377
2.19665175901995,0.8861946031304014,-0.6639144401832677,0.8151779013006786,-0.6539161797598366,1.8932167501164119,-0.46708013410805893,0.009618641880828609,1,1.143
-0.05180262552631094,-1.0244342178229058,-0.8626868427477684,-1.3777402331873008,0.32697223186970503,1.8932167501164119,-1.1577120119929947,-0.7887080375643226,0,0.364
-0.05180262552631094,-1.139071947080104,0.13117517007473484,-1.3777402331873008,-0.6705848717221687,-0.5282015384337324,-0.1937050157786051,-0.6273620139290931,0,0.368
-0.05180262552631094,0.8288757385018023,1.3735026861028639,0.8151779013006786,-0.6654560434260666,-0.5282015384337324,-0.5965736112114844,0.006257266388426251,0,1.114
-0.5014935024355632,0.06462421012047938,-0.21667653441314128,0.8151779013006786,0.29107043379699005,-0.5282015384337324,-0.1937050157786051,-0.5063524962026704,1,1.131
-0.05180262552631094,-0.05001351913671905,-0.0675972324897658,0.8151779013006786,0.31286795405542417,1.8932167501164119,0.2734871369082632,1.5743389335933229,0,1.125
-0.9511843793448155,-1.119965658870571,-0.5645282389010174,-1.3777402331873008,0.3051747116112709,-0.5282015384337324,-0.3570529966999196,1.347446087856281,0,0.37
-0.05180262552631094,-0.5467770125845789,-1.061459245312269,0.8151779013006786,-0.6616094222039899,-0.5282015384337324,-0.09468059211127992,1.2533275740690628,0,1.1199999999999999
2.6463426359292024,1.7650838607689228,0.9262647803327374,0.8151779013006786,0.2987636762411433,-0.5282015384337324,0.10252189262792341,0.8835762699049923,0,1.151
-0.5014935024355632,-1.0244342178229058,0.03178896879248452,-1.3777402331873008,0.33979430260996046,-0.5282015384337324,-1.135706584511367,1.6348436924565344,0,0.35700000000000004
0.8475791282921936,2.643973118407444,2.566137101489868,0.8151779013006786,-0.6795603212403475,-0.5282015384337324,-1.3472972333731732,0.2516376773336741,0,1.145
-0.5014935024355632,0.10283678653954552,-0.9620730440300187,-1.3777402331873008,0.33081885309178183,-0.5282015384337324,-0.7819270196144266,1.4734976688213048,0,0.382
-0.05180262552631094,-0.9289027767752404,-0.763300641465518,-1.3777402331873008,-0.6475051443897089,-0.5282015384337324,-0.5398673173165203,0.565926285873132,0,0.387
-0.5014935024355632,1.0008323323875998,-0.36575583633651676,0.8151779013006786,-0.6410941090195812,-0.5282015384337324,-0.07521425241599371,0.038190333566231915,0,1.131
-0.5014935024355632,-1.1581782352896373,-0.21667653441314128,0.8151779013006786,0.31286795405542417,-0.5282015384337324,-1.4717125349039153,0.9676106572150082,0,1.111
-0.05180262552631094,-1.1008593706610381,-0.2663696350542665,-1.3777402331873008,0.28850601964893896,-0.5282015384337324,-1.0671512142801416,0.33063000140508886,0,0.365
-0.05180262552631094,-0.4512455715369136,-0.9620730440300187,-1.3777402331873008,-0.6693026646481431,-0.5282015384337324,1.3796830491577865,-0.3618133500294431,1,0.384
-0.9511843793448155,-0.05001351913671905,-0.8626868427477684,0.8151779013006786,-0.6449407302416578,1.8932167501164119,-0.40952747761764763,0.15247710030785472,0,1.129
-0.05180262552631094,-1.0053279296133726,-0.9620730440300187,0.8151779013006786,0.3103035399073731,-0.5282015384337324,0.5976440109645503,-0.9618188754229556,0,1.123
1.2972700052014459,1.5740209786735921,-0.8626868427477684,-0.6467675216913076,0.3026102974632198,-0.5282015384337324,-0.07690697760688812,-1.2374516657998078,0,0.652
-0.05180262552631094,-1.1008593706610381,-0.2663696350542665,0.8151779013006786,-0.30130923440281177,-0.5282015384337324,-0.33589393181373894,1.3692950285568843,0,1.129
1.746960882110698,0.7142380092446038,1.9201267931552406,0.8151779013006786,0.3090213328333474,-0.5282015384337324,0.25402079721297666,0.8617273292043889,0,1.1219999999999999
-0.05180262552631094,-0.26018268944158285,-0.11729033313089096,0.8151779013006786,0.3013280903891944,-0.5282015384337324,-1.052763050157539,-0.5584538163348807,0,1.136
-0.5014935024355632,-0.833371335727575,-1.1608454465945193,-1.3777402331873008,0.3192789894255518,-0.5282015384337324,-1.2804345883328423,1.5020693605067106,0,0.369
0.8475791282921936,-0.7187336064703765,-0.4651420376187671,0.8151779013006786,-0.664173836352041,-0.5282015384337324,-0.8733341799227271,1.609633376263531,0,1.134
-0.5014935024355632,-0.8906902003561742,-0.763300641465518,0.8151779013006786,0.3167145752775007,-0.5282015384337324,-1.121318420388764,1.3709757163030856,0,1.1179999999999999
-0.05180262552631094,-0.7569461828894427,-0.11729033313089096,0.8151779013006786,0.2961992620930922,-0.5282015384337324,0.2506353468311878,-0.4676966780400624,0,1.133
-0.5014935024355632,-0.3748204186987813,-0.3160627356953916,-1.3777402331873008,0.31543236820347526,-0.5282015384337324,2.2328165453685895,0.04323239680483306,0,0.365
-0.05180262552631094,-0.5849895890036451,0.2802544719981103,0.8151779013006786,-0.6693026646481431,-0.5282015384337324,1.603122774355854,-0.22567764258721693,1,1.123
-0.9511843793448155,-0.6805210300513105,0.32994757263923546,0.8151779013006786,0.3038925045372455,1.8932167501164119,1.9806004919253166,0.38105063379109794,0,1.117
-0.5014935024355632,-0.9289027767752404,-0.6639144401832677,-1.3777402331873008,0.2949170550190665,-0.5282015384337324,-0.10145149287485758,-0.07105436993678735,0,0.361
-0.9511843793448155,-1.081753082451505,-0.763300641465518,0.8151779013006786,-0.6744314929442453,-0.5282015384337324,0.03735197277848741,-0.9013141165597442,0,1.132
-0.5014935024355632,-0.26018268944158285,-0.7136075408243929,-1.3777402331873008,0.31415016112944955,-0.5282015384337324,-0.2140177180693387,-0.1971059509018112,1,0.375
0.3978882513829413,0.38943110968254163,0.8765716796916123,0.8151779013006786,-0.6564805939078877,1.8932167501164119,1.5066374384748704,-0.28114033821182716,1,1.126
-0.5014935024355632,0.04551792191094631,-1.061459245312269,0.8151779013006786,0.3064569186852963,1.8932167501164119,-0.9833613173308664,0.08524959045984103,1,1.133
