commit_id,files_changed,lines_added,lines_deleted,test_count,previous_runtime_sec,previous_failure,build_time_sec,test_time_sec,cpu_usage_pct,memory_usage_mb,result,timestamp
c_53d5538,1,44,27,6,15.0,0,0.022,1.026,26.71,104.7,0,1789023602.4288757
c_0c201c3,4,37,25,12,1.048,0,0.019,0.656,11.25,117.56,0,1789023782.4288757
c_7d63d5e,6,129,1,12,0.675,0,0.032,0.649,25.55,103.16,0,1789023962.4288757
c_c158300,3,40,29,24,0.681,0,0.023,1.106,32.55,117.71,0,1789024142.4288757
c_db3dd6a,2,41,2,6,1.129,0,0.02,0.337,27.28,103.16,0,1789024322.4288757
c_5f539cf,3,13,30,6,0.357,0,0.016,0.34,27.59,110.04,0,1789024502.4288757
c_d17cd46,5,174,44,24,0.356,0,0.039,1.096,39.2,117.38,0,1789024682.4288757
c_ba9a81a,12,136,90,24,1.135,0,0.034,1.121,34.26,118.02,1,1789024862.4288757
c_50982ac,2,68,9,6,1.156,1,0.024,0.36,26.18,109.47,1,1789025042.4288757
c_8c78d06,3,46,8,6,0.383,1,0.02,0.348,33.79,110.62,0,1789025222.4288757
c_6253782,4,40,73,24,0.369,0,0.021,1.11,21.54,101.6,0,1789025402.4288757
c_3e6e645,11,30,64,24,1.131,0,0.02,1.107,27.05,120.33,1,1789025582.4288757
c_3390b08,2,63,6,24,1.126,1,0.023,1.093,27.61,113.87,1,1789025762.4288757
c_82ed4c1,3,35,28,24,1.116,1,0.019,1.086,26.13,103.33,0,1789025942.4288757
c_f292578,6,176,30,24,1.106,0,0.039,1.099,33.16,120.73,1,1789026122.4288757
c_74b240c,3,54,20,6,1.138,1,0.022,0.36,39.98,120.51,1,1789026302.4288757
c_304c943,1,57,30,6,0.382,1,0.025,0.344,36.42,119.7,0,1789026482.4288757
c_adbce2d,8,161,80,18,0.369,0,0.04,0.853,31.39,110.75,0,1789026662.4288757
c_69e9185,1,66,14,6,0.893,0,0.024,0.349,14.74,115.44,0,1789026842.4288757
c_170c9b5,3,18,13,24,0.373,0,0.018,1.097,22.49,102.84,0,1789027022.4288757
c_ebd41b2,2,40,14,6,1.115,0,0.02,0.349,50.97,105.28,0,1789027202.4288757
c_a763c83,5,117,4,12,0.369,0,0.032,0.61,19.75,116.34,0,1789027382.4288757
c_41ddbc6,6,126,51,24,0.643,0,0.033,1.1,11.61,108.78,0,1789027562.4288757
c_f5365a4,8,201,21,24,1.132,0,0.043,1.121,34.05,109.34,0,1789027742.4288757
c_a82da43,9,149,53,24,1.163,0,0.04,1.086,50.61,118.5,0,1789027922.4288757
c_6b3f6c7,1,106,43,24,1.127,0,0.029,1.106,28.33,119.63,1,1789028102.4288757
c_189799c,2,21,12,6,1.135,1,0.017,0.346,39.23,114.36,0,1789028282.4288757
c_f781d16,9,89,60,24,0.363,0,0.028,1.107,11.82,120.46,1,1789028462.4288757
c_5292e73,6,48,36,24,1.135,1,0.021,1.1,30.13,103.88,0,1789028642.4288757
c_9a9b0e1,1,13,6,24,1.121,0,0.016,1.098,23.1,108.36,0,1789028822.4288757
c_de286d6,1,6,50,12,1.114,0,0.015,0.592,19.92,107.36,0,1789029002.4288757
c_44156bf,3,34,22,6,0.607,0,0.02,0.339,34.3,106.24,0,1789029182.4288757
c_ace3c9d,2,60,27,24,0.36,0,0.024,1.098,50.52,116.38,0,1789029362.4288757
c_da1cef6,3,41,25,24,1.121,0,0.02,1.099,35.19,113.18,0,1789029542.4288757
c_172c1e2,2,49,17,24,1.119,0,0.023,1.102,24.76,103.68,0,1789029722.4288757
c_f0ba75d,8,107,7,24,1.125,0,0.033,1.108,25.92,107.18,0,1789029902.4288757
c_11eaa5d,2,69,40,24,1.142,0,0.027,1.096,33.96,101.99,0,1789030082.4288757
c_d2d5a58,3,69,29,6,1.123,0,0.024,0.341,29.0,113.75,0,1789030262.4288757
c_c6335b8,3,68,13,6,0.365,0,0.026,0.348,15.67,109.05,0,1789030442.4288757
c_5d1ff0b,3,53,10,24,0.375,0,0.022,1.087,31.88,103.79,0,1789030622.4288757
c_d51f80d,3,26,12,24,1.109,0,0.018,1.098,30.43,117.14,1,1789030802.4288757
c_fd096b2,5,148,47,24,1.116,1,0.04,1.096,46.26,101.52,0,1789030982.4288757
c_53174b5,1,7,25,12,1.136,0,0.016,0.591,17.47,120.7,0,1789031162.4288757
c_75517d1,2,27,15,24,0.607,0,0.018,1.09,30.57,106.58,1,1789031342.4288757
c_7b13699,3,52,17,12,1.108,1,0.022,0.603,14.53,113.54,0,1789031522.4288757
c_6c2df1d,7,81,16,24,0.625,0,0.029,1.091,25.74,111.65,0,1789031702.4288757
c_9f6b648,10,294,19,24,1.12,0,0.061,1.104,15.43,101.41,0,1789031882.4288757
c_7019c70,5,83,11,24,1.166,0,0.026,1.088,14.62,101.63,0,1789032062.4288757
c_0390430,5,157,14,24,1.115,0,0.038,1.094,21.96,105.41,0,1789032242.4288757
c_38221be,2,17,4,24,1.132,0,0.021,1.096,29.41,113.92,1,1789032422.4288757
c_d108e71,1,41,17,24,1.117,1,0.02,1.091,30.69,102.76,1,1789032602.4288757
c_e99b273,9,129,0,24,1.111,1,0.032,1.103,12.29,118.29,1,1789032782.4288757
c_4948716,1,24,9,6,1.135,1,0.019,0.346,30.55,108.61,0,1789032962.4288757
c_55e88a6,2,15,2,6,0.366,0,0.016,0.344,24.3,105.81,0,1789033142.4288757
c_49a0925,2,40,3,24,0.36,0,0.02,1.091,45.03,108.22,0,1789033322.4288757
c_6142677,1,36,14,6,1.111,0,0.021,0.349,30.06,114.04,0,1789033502.4288757
c_caed7e0,8,115,1,24,0.37,0,0.035,1.109,38.1,107.07,1,1789033682.4288757
c_c979657,2,73,21,24,1.144,1,0.024,1.103,32.47,103.25,1,1789033862.4288757
c_c5eff0e,1,16,26,24,1.127,1,0.016,1.102,61.58,119.34,0,1789034042.4288757
c_b20cd75,3,6,25,6,1.118,0,0.015,0.346,32.73,115.15,0,1789034222.4288757
c_f559ea5,2,49,5,24,0.362,0,0.022,1.099,43.06,105.78,0,1789034402.4288757
c_51d696b,3,51,22,24,1.121,0,0.021,1.089,33.61,115.29,0,1789034582.4288757
c_f683278,4,296,3,24,1.111,0,0.058,1.123,17.76,112.83,1,1789034762.4288757
c_be2f611,1,54,19,24,1.181,1,0.022,1.108,21.34,101.08,1,1789034942.4288757
c_ea0b5bc,2,8,17,6,1.13,1,0.015,0.339,31.53,113.28,1,1789035122.4288757
c_42bc7df,6,38,22,24,0.355,1,0.02,1.09,19.87,118.79,1,1789035302.4288757
c_cc52f38,3,67,20,24,1.11,1,0.023,1.108,26.37,120.34,0,1789035482.4288757
c_6972a2f,6,7,47,24,1.131,0,0.016,1.087,15.51,115.12,0,1789035662.4288757
c_6551766,1,38,11,24,1.103,0,0.021,1.085,22.15,111.95,0,1789035842.4288757
c_e04c5b4,3,12,24,6,1.105,0,0.016,0.343,49.08,120.46,0,1789036022.4288757
c_02e92aa,3,21,8,6,0.359,0,0.017,0.347,12.69,111.2,0,1789036202.4288757
c_9c6c7b3,1,14,38,24,0.364,0,0.018,1.093,37.23,105.32,0,1789036382.4288757
c_6353f2b,3,17,6,6,1.111,0,0.016,0.365,32.42,111.54,0,1789036562.4288757
c_34f9cef,3,57,1,24,0.381,0,0.031,1.141,59.6,119.62,1,1789036742.4288757
c_df44532,6,138,60,12,1.172,1,0.039,0.666,47.98,118.38,0,1789036922.4288757
c_97ca3d3,1,64,11,6,0.705,0,0.024,0.39,64.22,113.97,0,1789037102.4288757
c_ef4842c,3,6,11,24,0.414,0,0.015,1.093,41.44,116.87,0,1789037282.4288757
c_dc023e3,5,88,37,24,1.108,0,0.026,1.114,30.57,119.71,0,1789037462.4288757
c_cd6e055,1,67,4,24,1.14,0,0.029,1.106,61.38,107.81,0,1789037642.4288757
c_c731324,6,44,56,12,1.134,0,0.024,0.61,37.24,120.55,0,1789037822.4288757
c_e045ea9,2,6,11,24,0.634,0,0.015,1.133,33.27,120.93,0,1789038002.4288757
c_205decf,2,104,48,24,1.148,0,0.031,1.098,28.54,106.28,0,1789038182.4288757
c_1e9d752,1,5,8,6,1.129,0,0.015,0.364,32.7,114.13,0,1789038362.4288757
c_3f4ddd0,5,204,60,24,0.38,0,0.044,1.163,33.71,103.13,0,1789038542.4288757
c_d6ba535,1,51,15,24,1.208,0,0.024,1.12,50.69,107.67,0,1789038722.4288757
c_f1478d3,2,47,2,6,1.144,0,0.021,0.344,24.9,115.3,0,1789038902.4288757
c_89665b0,3,68,27,6,0.365,0,0.028,0.357,62.78,117.98,0,1789039082.4288757
c_fa97517,5,54,7,12,0.385,0,0.022,0.6,30.41,109.85,0,1789039262.4288757
c_32f69e8,3,35,9,24,0.621,0,0.02,1.12,40.43,114.54,0,1789039442.4288757
c_c1c2caa,3,88,54,12,1.141,0,0.027,0.617,27.57,101.62,0,1789039622.4288757
c_e40fb70,1,60,20,6,0.644,0,0.024,0.368,38.21,106.9,0,1789039802.4288757
c_44d4012,2,58,1,24,0.392,0,0.024,1.132,18.44,109.47,0,1789039982.4288757
c_93771d3,9,128,17,24,1.156,0,0.037,1.132,58.72,103.73,0,1789040162.4288757
c_7842ffe,2,168,69,18,1.169,0,0.038,0.876,47.37,119.15,0,1789040342.4288757
c_af1dbf6,2,43,22,6,0.914,0,0.023,0.374,38.66,105.13,0,1789040522.4288757
c_9cde18b,2,94,21,18,0.397,0,0.032,0.854,19.72,119.82,0,1789040702.4288757
c_6322b74,8,39,68,24,0.886,0,0.02,1.112,33.66,105.14,1,1789040882.4288757
c_10a3d22,9,268,53,24,1.132,1,0.051,1.115,23.76,105.46,0,1789041062.4288757
c_210e2fb,1,22,1,6,1.166,0,0.018,0.345,33.76,110.77,0,1789041242.4288757
c_a481522,6,123,14,12,0.363,0,0.031,0.605,34.78,116.25,1,1789041422.4288757
c_a32cbe9,2,39,8,24,0.636,1,0.022,1.086,33.76,102.7,1,1789041602.4288757
c_22a950d,4,125,15,24,1.109,1,0.032,1.09,40.06,107.7,0,1789041782.4288757
c_c9f6d30,1,41,2,6,1.122,0,0.02,0.342,52.41,118.32,0,1789041962.4288757
c_be775d9,3,28,30,6,0.363,0,0.021,0.334,32.59,113.46,0,1789042142.4288757
c_d3557c4,7,108,62,24,0.355,0,0.03,1.101,32.1,116.78,1,1789042322.4288757
c_ed8b0d6,1,33,29,24,1.13,1,0.02,1.098,36.23,103.65,1,1789042502.4288757
c_69f2caf,3,116,10,24,1.118,1,0.032,1.092,13.07,117.28,1,1789042682.4288757
c_c65b1d7,2,62,23,24,1.124,1,0.023,1.093,25.39,118.37,0,1789042862.4288757
c_aa02824,2,62,14,6,1.116,0,0.023,0.353,20.17,116.57,0,1789043042.4288757
c_803e5b1,1,62,10,24,0.375,0,0.024,1.086,30.3,105.18,0,1789043222.4288757
c_2adf0b0,5,93,82,24,1.11,0,0.028,1.11,28.76,105.21,0,1789043402.4288757
c_dc37d24,4,14,40,24,1.137,0,0.017,1.1,23.14,106.37,0,1789043582.4288757
c_50b5c5e,3,12,15,6,1.117,0,0.016,0.356,31.22,113.3,0,1789043762.4288757
c_a1aed66,3,28,16,24,0.372,0,0.024,1.091,48.65,102.03,0,1789043942.4288757
c_89ddcc4,1,23,1,18,1.115,0,0.017,0.837,62.35,112.99,0,1789044122.4288757
c_f1b99b9,4,74,13,24,0.854,0,0.025,1.096,40.91,115.92,0,1789044302.4288757
c_380e55d,1,31,8,6,1.121,0,0.019,0.359,21.34,119.59,0,1789044482.4288757
c_f1041b7,12,215,58,24,0.378,0,0.046,1.179,41.31,102.14,0,1789044662.4288757
c_7adf986,1,81,53,12,1.225,0,0.029,0.598,44.54,102.53,0,1789044842.4288757
c_d157a0a,3,10,18,24,0.627,0,0.017,1.107,37.06,115.37,0,1789045022.4288757
c_ed34176,2,70,9,24,1.124,0,0.026,1.106,27.92,112.81,0,1789045202.4288757
c_a8f721c,1,14,6,24,1.132,0,0.018,1.114,29.85,119.37,0,1789045382.4288757
c_31aa04f,3,66,12,24,1.132,0,0.023,1.097,26.08,113.14,0,1789045562.4288757
c_79acd88,2,162,20,24,1.12,0,0.038,1.105,33.41,111.51,1,1789045742.4288757
c_3e7b05a,2,19,13,24,1.143,1,0.018,1.098,17.19,114.01,0,1789045922.4288757
c_240d5c1,3,96,60,24,1.115,0,0.028,1.112,36.49,114.62,0,1789046102.4288757
c_f608f82,3,24,13,24,1.139,0,0.017,1.085,57.22,118.3,0,1789046282.4288757
c_5c92ac5,6,99,8,24,1.102,0,0.028,1.103,33.78,120.98,0,1789046462.4288757
c_bc0cb58,3,51,22,24,1.131,0,0.022,1.101,25.24,116.18,0,1789046642.4288757
c_a9bb7f8,4,89,11,12,1.122,0,0.032,0.583,55.15,102.26,1,1789046822.4288757
c_14151bb,5,92,40,24,0.615,1,0.028,1.115,41.14,105.48,0,1789047002.4288757
c_5b696c3,1,149,47,24,1.143,0,0.037,1.11,19.7,120.65,0,1789047182.4288757
c_4f07569,6,154,4,24,1.147,0,0.036,1.11,24.34,119.65,0,1789047362.4288757
c_bce2fe6,1,26,15,6,1.146,0,0.018,0.432,42.41,119.94,0,1789047542.4288757
c_a404353,2,30,20,6,0.45,0,0.025,0.396,41.91,103.86,0,1789047722.4288757
c_e252d10,6,144,59,24,0.42,0,0.035,1.099,25.35,104.38,0,1789047902.4288757
c_6418b60,11,84,101,24,1.134,0,0.028,1.109,10.79,115.83,1,1789048082.4288757
c_d7db3d6,3,26,14,6,1.137,1,0.018,0.348,39.09,121.35,0,1789048262.4288757
c_2e0cebe,3,28,18,24,0.366,0,0.018,1.103,39.96,104.51,1,1789048442.4288757
c_337e75f,6,19,48,24,1.121,1,0.018,1.094,24.52,108.94,0,1789048622.4288757
c_5f1825f,3,34,3,6,1.113,0,0.021,0.355,75.77,112.46,0,1789048802.4288757
c_eee22c4,4,95,52,24,0.376,0,0.028,1.116,21.91,102.5,0,1789048982.4288757
c_dd220f2,3,49,82,24,1.144,0,0.022,1.171,36.4,120.43,0,1789049162.4288757
c_ee51358,5,55,73,24,1.193,0,0.025,1.097,58.81,118.41,0,1789049342.4288757
c_822a6f3,1,37,27,6,1.122,0,0.022,0.349,29.01,121.5,0,1789049522.4288757
c_7bf3b8b,2,23,17,24,0.37,0,0.018,1.103,54.93,111.55,0,1789049702.4288757
c_fa896d4,3,12,5,24,1.122,0,0.025,1.093,54.41,120.9,0,1789049882.4288757
c_bfae231,1,75,12,24,1.118,0,0.025,1.097,21.56,112.85,0,1789050062.4288757
c_6629473,1,101,42,12,1.122,0,0.028,0.585,29.64,112.99,0,1789050242.4288757
c_44bdd72,2,28,1,24,0.614,0,0.018,1.095,37.13,111.56,1,1789050422.4288757
c_f381b4e,3,13,0,6,1.113,1,0.017,0.35,36.49,107.9,0,1789050602.4288757
c_55caaa2,1,48,29,24,0.367,0,0.021,1.112,20.52,110.45,0,1789050782.4288757
c_a2d5278,3,58,60,12,1.133,0,0.031,0.624,53.69,118.04,0,1789050962.4288757
c_89f2f17,1,55,1,24,0.655,0,0.023,1.107,22.5,102.62,1,1789051142.4288757
c_85b184c,1,68,3,6,1.13,1,0.024,0.355,24.52,104.73,0,1789051322.4288757
c_1093262,2,48,18,6,0.379,0,0.022,0.382,43.39,106.89,0,1789051502.4288757
c_98e59c3,2,63,0,6,0.404,0,0.027,0.334,38.4,116.82,0,1789051682.4288757
c_ac18573,9,105,24,24,0.361,0,0.034,1.109,46.68,108.64,0,1789051862.4288757
c_0f17c4f,1,56,16,24,1.143,0,0.025,1.101,41.12,106.86,0,1789052042.4288757
c_c317c59,3,44,25,24,1.126,0,0.023,1.143,44.64,112.2,0,1789052222.4288757
c_fd3c5c4,9,198,79,24,1.166,0,0.057,1.151,63.26,115.87,0,1789052402.4288757
c_0a4f984,3,15,8,6,1.208,0,0.018,0.346,50.05,121.52,0,1789052582.4288757
c_e54f158,6,80,42,24,0.364,0,0.026,1.116,23.7,103.88,1,1789052762.4288757
c_8f692ff,1,62,4,24,1.142,1,0.026,1.109,42.92,104.77,0,1789052942.4288757
c_ad359d3,3,47,8,6,1.135,0,0.026,0.369,33.77,119.75,1,1789053122.4288757
c_99fd08c,1,35,2,24,0.395,1,0.022,1.103,28.02,107.54,1,1789053302.4288757
c_1317475,1,44,12,6,1.125,1,0.023,0.357,36.26,102.6,0,1789053482.4288757
c_b6de626,1,73,25,24,0.381,0,0.027,1.117,25.21,110.15,0,1789053662.4288757
c_522858c,1,53,24,6,1.144,0,0.029,0.382,48.32,109.05,0,1789053842.4288757
c_7454959,3,63,7,6,0.411,0,0.024,0.353,47.95,119.58,0,1789054022.4288757
c_1d650c7,3,41,5,24,0.377,0,0.023,1.111,34.7,108.71,0,1789054202.4288757
c_1f890ac,1,133,77,18,1.133,0,0.038,0.863,32.03,112.51,0,1789054382.4288757
c_a576470,2,63,44,24,0.902,0,0.023,1.104,32.15,117.37,0,1789054562.4288757
c_febde37,3,32,11,6,1.127,0,0.021,0.348,25.14,102.3,0,1789054742.4288757
c_c5410a3,2,19,36,12,0.369,0,0.018,0.604,15.76,114.23,0,1789054922.4288757
c_46dd7ef,3,116,50,24,0.622,0,0.031,1.1,29.15,106.12,0,1789055102.4288757
c_77c1f1e,7,215,5,24,1.131,0,0.046,1.121,24.71,116.15,0,1789055282.4288757
c_fc4922d,3,24,9,24,1.167,0,0.018,1.088,49.73,104.59,1,1789055462.4288757
c_5e700ad,3,100,66,24,1.106,1,0.028,1.102,23.17,113.19,0,1789055642.4288757
c_8067b11,1,65,30,6,1.13,0,0.027,0.348,17.82,113.68,0,1789055822.4288757
c_425c2ca,1,53,5,6,0.374,0,0.024,0.352,20.68,109.05,0,1789056002.4288757
c_3743897,2,24,5,6,0.376,0,0.023,0.339,21.37,120.18,0,1789056182.4288757
c_fe14847,1,131,4,12,0.363,0,0.032,0.589,37.46,116.37,0,1789056362.4288757
c_8fe73b7,2,68,36,24,0.621,0,0.025,1.104,22.55,119.47,0,1789056542.4288757
c_4a8495f,1,35,20,24,1.129,0,0.02,1.111,29.24,107.55,0,1789056722.4288757
c_2353e56,4,121,9,24,1.13,0,0.032,1.107,38.7,102.05,0,1789056902.4288757
c_4f1beb3,2,10,10,6,1.139,0,0.018,0.359,34.28,110.44,0,1789057082.4288757
c_26337cd,2,41,2,6,0.377,0,0.022,0.343,37.83,118.39,0,1789057262.4288757
c_b20585a,3,97,52,24,0.365,0,0.029,1.1,24.78,113.82,0,1789057442.4288757
c_56b2c86,1,158,106,24,1.13,0,0.037,1.108,30.9,106.81,1,1789057622.4288757
c_48a313f,5,58,6,12,1.145,1,0.026,0.61,24.72,121.76,1,1789057802.4288757
c_a2e8180,3,45,29,6,0.636,1,0.02,0.347,15.99,111.05,1,1789057982.4288757
c_03318a1,1,38,20,24,0.367,1,0.021,1.105,32.44,117.73,0,1789058162.4288757
c_e597803,3,65,38,24,1.126,0,0.026,1.105,40.68,115.81,1,1789058342.4288757
c_a0d2b29,12,179,38,24,1.131,1,0.04,1.109,42.0,110.82,1,1789058522.4288757
c_02ea766,5,41,59,12,1.149,1,0.021,0.6,25.27,104.84,0,1789058702.4288757
c_0d1d090,4,95,0,12,0.621,0,0.029,0.595,38.99,110.23,0,1789058882.4288757
c_69be54f,6,28,43,24,0.624,0,0.02,1.096,27.06,104.53,0,1789059062.4288757
c_5998dc0,2,54,25,24,1.115,0,0.024,1.105,16.23,107.6,1,1789059242.4288757
c_cf5aece,1,5,28,24,1.13,1,0.018,1.098,25.06,119.83,0,1789059422.4288757
c_460b881,1,6,24,24,1.116,0,0.016,1.112,20.76,121.15,0,1789059602.4288757
c_fce1a04,2,9,25,24,1.128,0,0.015,1.101,35.64,109.69,0,1789059782.4288757
c_89cf7aa,2,50,27,6,1.117,0,0.021,0.335,37.27,118.72,0,1789059962.4288757
c_9bcb296,1,72,20,6,0.356,0,0.026,0.359,42.21,105.38,0,1789060142.4288757
c_64fd716,1,59,5,6,0.385,0,0.024,0.358,29.52,114.7,0,1789060322.4288757
c_ebaf948,5,26,55,24,0.382,0,0.018,1.09,20.6,116.63,0,1789060502.4288757
c_d6e87e2,1,23,56,12,1.108,0,0.017,0.595,25.42,106.3,0,1789060682.4288757
c_c51c011,2,59,30,6,0.612,0,0.022,0.349,60.37,105.82,1,1789060862.4288757
c_055f2fc,6,144,14,24,0.371,1,0.036,1.112,32.42,105.24,1,1789061042.4288757
c_3bb26d6,2,40,24,6,1.148,1,0.021,0.355,23.7,107.36,0,1789061222.4288757
c_483f554,3,11,5,6,0.376,0,0.018,0.356,51.41,120.28,0,1789061402.4288757
c_386b7ac,1,7,12,6,0.375,0,0.015,0.342,22.41,116.05,0,1789061582.4288757
c_e2ce5e0,2,143,55,12,0.357,0,0.038,0.607,27.37,111.78,0,1789061762.4288757
c_4e0bf31,3,52,17,24,0.645,0,0.023,1.099,31.75,105.9,0,1789061942.4288757
c_75b9714,3,225,75,24,1.122,0,0.046,1.109,24.9,115.75,1,1789062122.4288757
c_7d29659,2,11,1,24,1.154,1,0.017,1.096,28.09,120.06,1,1789062302.4288757
c_c3065d7,5,18,47,24,1.113,1,0.017,1.1,42.78,104.18,1,1789062482.4288757
c_e5f1e1c,2,49,17,6,1.117,1,0.021,0.342,26.89,112.29,1,1789062662.4288757
c_54667ca,1,46,3,6,0.363,1,0.02,0.352,40.43,111.54,0,1789062842.4288757
c_fe7ecd5,9,149,70,24,0.372,0,0.036,1.097,31.8,102.61,0,1789063022.4288757
c_ff3ee46,3,50,14,24,1.133,0,0.023,1.118,27.24,114.04,0,1789063202.4288757
c_c42bce0,1,9,35,24,1.141,0,0.017,1.108,17.03,111.61,0,1789063382.4288757
c_73c4836,3,36,9,6,1.124,0,0.019,0.358,29.21,108.15,0,1789063562.4288757
c_a5b69d6,2,245,6,24,0.378,0,0.051,1.103,69.49,121.66,0,1789063742.4288757
c_e598ea6,4,88,86,24,1.154,0,0.029,1.109,25.32,116.72,0,1789063922.4288757
c_aef9d23,2,42,1,6,1.138,0,0.022,0.356,25.23,102.4,1,1789064102.4288757
c_dbcba74,2,111,53,12,0.378,1,0.032,0.602,42.41,118.61,0,1789064282.4288757
c_8ed5a01,3,22,22,24,0.635,0,0.018,1.092,33.38,108.0,0,1789064462.4288757
c_15757ae,3,27,11,6,1.109,0,0.02,0.35,29.83,113.77,0,1789064642.4288757
c_e49e702,4,110,51,12,0.369,0,0.03,0.609,15.1,115.35,0,1789064822.4288757
c_9120e71,2,35,3,24,0.639,0,0.019,1.098,23.93,105.85,0,1789065002.4288757
c_33f10a8,3,16,35,12,1.117,0,0.016,0.589,34.67,118.84,0,1789065182.4288757
c_44a8995,1,146,35,24,0.605,0,0.035,1.094,49.51,102.93,1,1789065362.4288757
c_8fc0512,6,128,2,24,1.128,1,0.035,1.097,11.52,106.02,0,1789065542.4288757
c_c4dd2cb,8,164,31,24,1.133,0,0.038,1.109,15.16,110.25,0,1789065722.4288757
c_95b37f4,3,29,16,24,1.147,0,0.019,1.11,35.04,105.77,1,1789065902.4288757
c_c938ece,10,164,39,24,1.128,1,0.038,1.099,27.21,108.72,0,1789066082.4288757
c_e6571c2,7,46,16,24,1.136,0,0.023,1.101,38.34,117.82,0,1789066262.4288757
c_9d2e81c,2,24,51,12,1.124,0,0.018,0.602,16.67,105.94,0,1789066442.4288757
c_7440dec,2,73,12,12,0.62,0,0.024,0.604,32.68,106.65,0,1789066622.4288757
c_65c1105,1,51,15,6,0.628,0,0.022,0.351,35.55,103.4,0,1789066802.4288757
c_73c915b,3,19,4,24,0.373,0,0.017,1.098,61.18,114.11,0,1789066982.4288757
c_466c5da,2,75,4,24,1.116,0,0.026,1.106,24.23,121.25,0,1789067162.4288757
c_7269ff5,1,5,20,6,1.132,0,0.019,0.343,36.95,115.05,0,1789067342.4288757
c_4cc565f,1,43,12,6,0.362,0,0.021,0.339,41.08,103.22,0,1789067522.4288757
c_5f242b8,3,15,1,6,0.36,0,0.017,0.355,27.65,118.73,0,1789067702.4288757
c_2de930e,5,35,80,24,0.372,0,0.021,1.107,30.05,109.86,1,1789067882.4288757
c_850ab28,2,106,11,18,1.128,1,0.029,0.842,27.57,119.5,0,1789068062.4288757
c_f01a662,1,35,28,24,0.871,0,0.02,1.102,21.0,110.59,0,1789068242.4288757
c_4d147ca,3,93,21,24,1.122,0,0.027,1.103,21.03,112.46,0,1789068422.4288757
c_8566375,6,133,11,24,1.13,0,0.035,1.114,24.87,114.11,1,1789068602.4288757
c_4d1160a,5,223,70,24,1.149,1,0.05,1.157,55.86,118.85,1,1789068782.4288757
c_ef2acd2,3,16,5,24,1.206,1,0.022,1.122,30.89,111.52,0,1789068962.4288757
c_b72a021,1,189,9,24,1.144,0,0.042,1.104,29.99,113.63,0,1789069142.4288757
c_8edf75f,3,67,24,24,1.146,0,0.027,1.094,26.81,105.15,1,1789069322.4288757
c_d729e68,2,19,18,24,1.12,1,0.018,1.093,13.91,116.47,0,1789069502.4288757
c_26327f2,2,24,4,6,1.111,0,0.018,0.354,41.4,118.69,0,1789069682.4288757
c_116b399,1,46,7,24,0.373,0,0.021,1.118,26.97,103.23,0,1789069862.4288757
c_8255592,3,27,8,6,1.139,0,0.02,0.334,51.12,112.71,1,1789070042.4288757
c_2dd0ab6,1,9,19,6,0.354,1,0.016,0.339,33.95,104.79,0,1789070222.4288757
c_e7ffc24,4,84,28,24,0.354,0,0.027,1.176,53.18,108.73,1,1789070402.4288757
c_509f12e,3,107,1,24,1.203,1,0.038,1.117,47.97,105.08,0,1789070582.4288757
c_931cccb,2,24,21,24,1.155,0,0.017,1.108,32.51,109.1,0,1789070762.4288757
c_2d97966,2,46,14,6,1.126,0,0.024,0.349,15.67,105.57,0,1789070942.4288757
c_497c452,5,123,44,24,0.373,0,0.035,1.101,31.79,103.99,1,1789071122.4288757
c_5dde355,2,10,9,24,1.136,1,0.019,1.11,30.82,102.39,0,1789071302.4288757
c_45e3d51,6,98,47,24,1.129,0,0.03,1.102,16.94,116.78,0,1789071482.4288757
c_40be13a,2,8,18,24,1.132,0,0.017,1.114,14.94,116.32,0,1789071662.4288757
c_cdb150d,1,49,23,6,1.131,0,0.021,0.347,58.3,109.24,0,1789071842.4288757
c_4e90de5,5,6,1,24,0.368,0,0.017,1.171,50.62,106.91,0,1789072022.4288757
c_01e2ee3,2,5,21,24,1.188,0,0.017,1.097,35.03,109.08,0,1789072202.4288757
c_7b57ee3,5,105,31,24,1.115,0,0.033,1.109,38.44,102.23,0,1789072382.4288757
c_584074e,1,22,11,6,1.142,0,0.019,0.38,15.83,103.14,0,1789072562.4288757
c_a36b89b,3,81,11,12,0.4,0,0.028,0.605,18.95,109.24,0,1789072742.4288757
c_8da185d,9,94,42,24,0.633,0,0.028,1.112,26.06,110.0,0,1789072922.4288757
c_145aaf8,3,70,10,6,1.14,0,0.027,0.354,21.68,118.26,0,1789073102.4288757
c_456e0cc,1,159,15,24,0.381,0,0.037,1.105,25.81,111.36,1,1789073282.4288757
c_07da3b4,3,62,28,24,1.142,1,0.024,1.111,23.64,116.22,0,1789073462.4288757
c_f026509,1,85,22,24,1.135,0,0.026,1.097,34.93,114.26,0,1789073642.4288757
c_baa2eb5,3,23,19,24,1.123,0,0.018,1.092,25.02,119.02,0,1789073822.4288757
c_272ca04,5,134,34,24,1.11,0,0.033,1.09,28.11,102.36,0,1789074002.4288757
c_ec89c7c,1,54,25,6,1.123,0,0.022,0.342,12.65,118.06,0,1789074182.4288757
c_498f6ed,3,32,8,6,0.365,0,0.018,0.338,28.72,117.9,0,1789074362.4288757
c_8994975,3,45,30,24,0.356,0,0.021,1.094,28.17,117.15,1,1789074542.4288757
c_72ebf4b,3,34,19,12,1.115,1,0.019,0.6,20.27,121.39,1,1789074722.4288757
c_d8426b7,3,61,6,24,0.619,1,0.024,1.114,28.75,120.33,1,1789074902.4288757
c_0bf2083,2,14,13,6,1.137,1,0.017,0.408,45.29,120.73,0,1789075082.4288757
c_3c82dfc,3,16,29,6,0.425,0,0.024,0.338,69.08,102.84,0,1789075262.4288757
c_dbd7b1c,1,11,17,6,0.362,0,0.017,0.369,41.2,113.43,0,1789075442.4288757
c_2831f3e,3,173,38,18,0.386,0,0.042,0.858,33.8,110.05,1,1789075622.4288757
c_f88e710,3,62,11,6,0.901,1,0.023,0.342,22.94,113.81,1,1789075802.4288757
c_107c1bb,4,123,15,12,0.365,1,0.032,0.603,29.85,117.02,0,1789075982.4288757
c_bf80520,6,112,38,24,0.634,0,0.032,1.11,27.52,112.47,0,1789076162.4288757
c_1a6a7e0,2,59,4,6,1.142,0,0.023,0.351,31.87,102.42,0,1789076342.4288757
c_80efb4c,2,40,13,6,0.373,0,0.02,0.357,28.84,113.43,0,1789076522.4288757
c_a943b8e,1,32,15,6,0.377,0,0.026,0.413,54.97,105.37,0,1789076702.4288757
c_b464110,3,70,16,6,0.439,0,0.026,0.35,41.7,105.65,1,1789076882.4288757
c_d52f075,1,37,6,6,0.375,1,0.021,0.351,45.68,118.25,1,1789077062.4288757
c_0fe2203,1,71,22,24,0.373,1,0.028,1.104,28.84,117.99,1,1789077242.4288757
c_1bce7f0,1,39,21,6,1.132,1,0.022,0.361,17.42,118.09,0,1789077422.4288757
c_bb722a5,1,57,5,24,0.383,0,0.025,1.103,26.07,103.16,0,1789077602.4288757
c_b875a7d,3,112,18,12,1.128,0,0.033,0.592,9.52,110.64,1,1789077782.4288757
c_1448317,3,108,51,12,0.625,1,0.032,0.615,33.66,102.69,0,1789077962.4288757
c_640c1b3,1,85,59,12,0.647,0,0.028,0.651,39.9,119.49,1,1789078142.4288757
c_f3802dd,2,28,3,6,0.679,1,0.02,0.364,33.3,120.56,0,1789078322.4288757
c_741e7e7,1,68,2,24,0.385,0,0.026,1.098,35.54,115.7,0,1789078502.4288757
c_beeb4d1,2,19,9,6,1.125,0,0.019,0.363,22.9,117.72,0,1789078682.4288757
c_b83b0b6,1,54,16,6,0.382,0,0.025,0.359,47.17,119.56,0,1789078862.4288757
c_b461d10,3,114,36,24,0.384,0,0.033,1.116,29.3,120.96,0,1789079042.4288757
c_5d0a39b,8,249,7,24,1.149,0,0.052,1.106,31.55,109.24,1,1789079222.4288757
c_b667869,1,71,0,6,1.158,1,0.028,0.355,43.15,121.53,0,1789079402.4288757
c_586ae67,1,140,20,24,0.383,0,0.038,1.117,22.0,113.28,0,1789079582.4288757
c_7538ed7,5,115,6,24,1.155,0,0.031,1.104,27.14,114.85,0,1789079762.4288757
c_e836225,5,104,30,24,1.136,0,0.031,1.105,26.1,110.32,0,1789079942.4288757
c_9b5c517,1,73,17,6,1.136,0,0.025,0.356,29.27,117.1,0,1789080122.4288757
c_7aa8e1e,1,53,20,24,0.381,0,0.026,1.105,23.87,119.08,0,1789080302.4288757
c_e2f2a04,3,73,8,24,1.13,0,0.027,1.106,15.81,121.94,0,1789080482.4288757
c_9b8678e,2,37,5,24,1.134,0,0.02,1.101,19.09,107.65,0,1789080662.4288757
c_61ba49f,3,16,22,24,1.12,0,0.017,1.102,23.29,107.81,0,1789080842.4288757
c_d3ba954,7,80,56,24,1.119,0,0.026,1.113,30.37,115.98,1,1789081022.4288757
c_073805f,2,8,14,6,1.139,1,0.015,0.337,34.92,105.41,0,1789081202.4288757
c_60662ef,3,72,18,24,0.352,0,0.026,1.09,19.61,109.5,0,1789081382.4288757
c_cc02ee9,4,19,57,24,1.116,0,0.017,1.1,15.08,113.98,1,1789081562.4288757
c_164191c,1,66,40,24,1.117,1,0.026,1.108,26.25,109.73,0,1789081742.4288757
c_5853145,1,92,37,12,1.133,0,0.027,0.603,26.21,121.18,0,1789081922.4288757
c_b67deaf,3,6,29,24,0.63,0,0.015,1.108,26.62,107.87,0,1789082102.4288757
c_303513f,3,74,0,6,1.123,0,0.026,0.36,38.04,101.97,0,1789082282.4288757
c_c56540f,4,53,12,24,0.386,0,0.022,1.097,21.19,116.05,0,1789082462.4288757
c_ffddb7f,3,25,19,6,1.119,0,0.018,0.342,47.99,119.81,0,1789082642.4288757
c_a1367c1,1,13,17,6,0.36,0,0.016,0.346,32.14,116.0,0,1789082822.4288757
c_d94c5be,3,48,13,24,0.361,0,0.022,1.111,49.22,115.64,0,1789083002.4288757
c_eae70e0,1,64,18,24,1.134,0,0.028,1.117,27.29,109.52,0,1789083182.4288757
c_56f81c1,1,24,10,24,1.146,0,0.019,1.106,46.25,117.06,1,1789083362.4288757
c_87ede78,3,48,10,6,1.124,1,0.023,0.362,23.32,114.67,0,1789083542.4288757
c_274f6ab,4,14,12,24,0.384,0,0.017,1.098,36.61,103.92,0,1789083722.4288757
c_3cc42a0,1,60,21,24,1.115,0,0.026,1.101,32.76,111.78,1,1789083902.4288757
c_28a7431,2,31,12,24,1.127,1,0.021,1.107,16.92,105.24,1,1789084082.4288757
c_8477c6b,1,57,4,6,1.128,1,0.024,0.339,38.67,117.02,0,1789084262.4288757
c_8f76bfc,6,131,57,24,0.363,0,0.033,1.111,19.54,114.42,0,1789084442.4288757
c_1282164,3,7,2,6,1.144,0,0.015,0.341,35.97,117.16,0,1789084622.4288757
c_1cdf278,2,48,26,6,0.357,0,0.021,0.35,19.25,117.69,0,1789084802.4288757
c_e7794bb,1,71,12,6,0.371,0,0.025,0.355,25.42,110.43,0,1789084982.4288757
c_5a09984,3,70,6,24,0.38,0,0.027,1.099,28.64,118.37,0,1789085162.4288757
c_b8a1ad6,3,69,10,24,1.126,0,0.029,1.108,13.31,119.98,0,1789085342.4288757
c_848c5a9,3,118,41,24,1.137,0,0.035,1.114,39.32,116.28,1,1789085522.4288757
c_05f1cd9,3,26,24,6,1.149,1,0.021,0.344,35.91,117.65,0,1789085702.4288757
c_91de7ad,3,51,5,24,0.365,0,0.024,1.105,17.87,110.77,0,1789085882.4288757
c_2b85f0a,9,128,68,18,1.13,0,0.034,0.86,16.56,105.07,0,1789086062.4288757
c_8f6fa86,1,59,11,24,0.893,0,0.025,1.113,36.16,111.99,0,1789086242.4288757
c_64a384b,3,22,20,6,1.138,0,0.02,0.361,41.08,114.49,0,1789086422.4288757
c_1114ec3,9,213,8,24,0.38,0,0.045,1.105,18.52,102.83,0,1789086602.4288757
c_6c61c60,1,116,29,12,1.15,0,0.031,0.591,15.01,114.86,0,1789086782.4288757
c_746d63d,3,69,1,24,0.622,0,0.025,1.118,20.21,103.19,1,1789086962.4288757
c_ded07ef,2,21,4,24,1.142,1,0.018,1.084,19.24,107.51,1,1789087142.4288757
c_aa531c0,1,124,55,12,1.102,1,0.031,0.601,16.03,106.49,0,1789087322.4288757
c_65bfc70,3,47,29,6,0.632,0,0.022,0.346,13.02,108.77,0,1789087502.4288757
c_94f464d,3,72,26,6,0.368,0,0.027,0.35,27.01,108.15,0,1789087682.4288757
c_b18d65e,4,80,15,24,0.377,0,0.027,1.112,32.26,102.79,1,1789087862.4288757
c_422bacb,1,70,10,6,1.139,1,0.028,0.358,33.31,119.35,0,1789088042.4288757
c_0026e87,5,76,30,24,0.386,0,0.028,1.111,33.81,117.36,0,1789088222.4288757
c_097fc96,1,15,13,24,1.139,0,0.018,1.12,26.82,105.58,0,1789088402.4288757
c_72ce70a,1,14,22,6,1.139,0,0.017,0.335,47.73,111.17,1,1789088582.4288757
c_4bd25a8,3,99,45,12,0.352,1,0.028,0.605,26.66,108.83,0,1789088762.4288757
c_31642fd,1,19,20,6,0.633,0,0.018,0.36,23.61,108.93,0,1789088942.4288757
c_16c3028,5,47,73,24,0.379,0,0.023,1.092,45.16,104.02,0,1789089122.4288757
c_5196b1f,3,39,9,24,1.115,0,0.021,1.109,36.13,118.04,0,1789089302.4288757
c_abd90d0,5,68,16,12,1.131,0,0.024,0.596,32.11,110.07,1,1789089482.4288757
c_68b8cb0,2,69,21,24,0.62,1,0.027,1.103,27.73,111.64,1,1789089662.4288757
c_a0c2c31,5,149,28,24,1.129,1,0.036,1.126,28.41,105.79,0,1789089842.4288757
c_27c8870,1,16,14,24,1.162,0,0.018,1.101,45.97,111.61,0,1789090022.4288757
c_a72f507,2,17,30,24,1.119,0,0.02,1.111,23.13,120.66,0,1789090202.4288757
c_42af7fc,3,17,30,24,1.131,0,0.017,1.096,16.02,115.62,0,1789090382.4288757
c_bee3d88,3,64,21,6,1.113,0,0.023,0.354,35.15,107.21,1,1789090562.4288757
c_fe44fbb,8,112,10,24,0.377,1,0.035,1.108,26.14,112.04,1,1789090742.4288757
c_d423466,3,12,6,6,1.142,1,0.017,0.347,17.98,107.29,0,1789090922.4288757
c_5535d12,3,6,26,6,0.364,0,0.017,0.351,29.37,108.25,0,1789091102.4288757
c_8f7a58c,3,109,51,24,0.368,0,0.03,1.084,24.61,112.02,0,1789091282.4288757
c_f3c90b4,2,69,19,24,1.114,0,0.026,1.105,29.37,108.97,1,1789091462.4288757
c_92f48f4,3,63,22,24,1.131,1,0.025,1.1,34.89,121.35,0,1789091642.4288757
c_998a11f,1,7,12,6,1.125,0,0.017,0.353,27.44,120.0,0,1789091822.4288757
c_a4407f5,3,37,2,24,0.371,0,0.021,1.099,30.54,119.44,0,1789092002.4288757
c_7907ea9,9,158,42,24,1.12,0,0.041,1.11,32.87,117.24,0,1789092182.4288757
c_fe55283,2,12,24,6,1.152,0,0.016,0.341,18.24,121.71,0,1789092362.4288757
c_4f1ed0b,5,204,75,24,0.357,0,0.042,1.103,15.74,113.48,0,1789092542.4288757
c_b134f1f,2,71,4,6,1.145,0,0.024,0.358,22.42,120.75,0,1789092722.4288757
c_d4cba06,3,17,8,6,0.382,0,0.017,0.37,25.28,115.35,0,1789092902.4288757
c_0bdf494,2,118,16,24,0.387,0,0.031,1.1,30.77,112.21,0,1789093082.4288757
c_97204ea,2,5,19,24,1.131,0,0.016,1.095,14.27,117.74,0,1789093262.4288757
c_a4e975b,3,8,18,6,1.112,0,0.016,0.349,19.05,113.95,0,1789093442.4288757
c_4899c70,3,42,4,6,0.365,0,0.024,0.36,47.96,109.83,1,1789093622.4288757
c_d561221,1,63,6,24,0.384,1,0.027,1.102,26.82,112.89,0,1789093802.4288757
c_5a6b04d,3,13,4,24,1.129,0,0.018,1.105,38.72,106.26,0,1789093982.4288757
c_8480c01,6,148,6,12,1.123,0,0.037,0.615,30.75,104.62,0,1789094162.4288757
c_fd3d3c6,3,8,18,24,0.652,0,0.017,1.112,27.69,120.13,0,1789094342.4288757
c_018a863,7,103,62,24,1.128,0,0.029,1.093,34.66,117.11,0,1789094522.4288757
c_bf4b5c8,3,52,21,24,1.122,0,0.023,1.113,19.22,108.66,0,1789094702.4288757
c_e13427d,2,22,0,6,1.136,0,0.018,0.351,16.53,120.92,0,1789094882.4288757
c_c9af8a6,5,28,14,24,0.369,0,0.021,1.113,21.34,121.56,0,1789095062.4288757
c_e3bcfb5,2,19,8,24,1.134,0,0.019,1.099,18.41,120.14,0,1789095242.4288757
c_8fe5b3f,3,26,21,24,1.118,0,0.021,1.112,34.62,109.2,0,1789095422.4288757
c_03eb0ed,2,46,17,6,1.133,0,0.02,0.345,58.04,112.24,0,1789095602.4288757
c_721b359,3,35,29,24,0.365,0,0.02,1.103,50.6,110.64,1,1789095782.4288757
c_6376dac,1,30,30,24,1.124,1,0.019,1.098,55.06,114.25,0,1789095962.4288757
c_eae692e,2,17,10,6,1.117,0,0.017,0.344,30.46,111.56,0,1789096142.4288757
c_a434981,1,9,8,24,0.361,0,0.019,1.113,32.1,106.62,0,1789096322.4288757
c_61fec8f,2,52,9,6,1.132,0,0.025,0.35,29.13,110.81,1,1789096502.4288757
c_00c4efb,4,86,41,24,0.375,1,0.027,1.099,49.46,110.31,1,1789096682.4288757
c_f08e198,2,68,2,24,1.126,1,0.024,1.109,20.04,112.49,1,1789096862.4288757
c_6986fde,2,24,9,24,1.133,1,0.021,1.106,26.69,112.09,1,1789097042.4288757
c_b5f819e,2,29,29,24,1.127,1,0.019,1.104,28.27,109.08,0,1789097222.4288757
c_ddf5e24,3,29,8,24,1.123,0,0.025,1.11,33.21,115.93,0,1789097402.4288757
c_2f1364a,3,104,43,12,1.135,0,0.029,0.606,52.71,104.51,0,1789097582.4288757
c_02d6bb1,1,72,14,24,0.635,0,0.025,1.103,41.25,116.02,0,1789097762.4288757
c_3f83964,4,104,43,12,1.128,0,0.03,0.614,34.2,107.0,1,1789097942.4288757
c_54a2836,5,126,21,12,0.644,1,0.032,0.606,36.41,101.94,1,1789098122.4288757
c_39b5f1d,7,185,65,24,0.638,1,0.045,1.103,39.14,120.33,0,1789098302.4288757
c_28d3aaa,3,42,4,24,1.149,0,0.024,1.103,46.0,112.27,0,1789098482.4288757
c_29b4db8,1,19,1,24,1.128,0,0.018,1.114,22.73,118.41,0,1789098662.4288757
c_7509c89,8,33,9,24,1.132,0,0.022,1.095,89.3,108.64,1,1789098842.4288757
c_3a564e2,1,33,8,24,1.117,1,0.02,1.101,29.82,111.14,0,1789099022.4288757
c_4f09e27,1,43,16,6,1.121,0,0.02,0.349,22.54,113.94,0,1789099202.4288757
c_93e6340,4,107,26,12,0.369,0,0.03,0.594,22.34,117.54,0,1789099382.4288757
c_1ef80b7,3,41,13,24,0.624,0,0.022,1.096,21.74,121.81,0,1789099562.4288757
c_a2e4eee,3,35,21,24,1.118,0,0.021,1.102,34.9,111.67,0,1789099742.4288757
c_d007f3e,3,22,18,24,1.123,0,0.018,1.095,28.23,114.17,1,1789099922.4288757
c_806cf1e,1,135,43,24,1.114,1,0.034,1.107,14.32,113.12,0,1789100102.4288757
c_b0dda51,1,32,4,24,1.14,0,0.02,1.111,26.25,118.6,0,1789100282.4288757
c_420dc9e,3,52,27,24,1.131,0,0.022,1.095,47.88,113.24,0,1789100462.4288757
c_697d93d,5,113,56,24,1.117,0,0.036,1.111,14.0,114.8,0,1789100642.4288757
c_3e99096,1,60,24,6,1.146,0,0.025,0.357,19.06,105.29,1,1789100822.4288757
c_52750a4,2,90,10,12,0.382,1,0.027,0.599,13.51,111.41,0,1789101002.4288757
c_8b2f19a,2,39,5,6,0.626,0,0.021,0.357,27.48,104.77,0,1789101182.4288757
c_93c7ca0,6,72,72,24,0.378,0,0.024,1.099,36.4,118.54,1,1789101362.4288757
c_1fd5e3a,3,86,0,24,1.124,1,0.028,1.104,12.01,108.13,0,1789101542.4288757
c_6661932,2,37,21,24,1.132,0,0.02,1.105,38.9,116.97,0,1789101722.4288757
c_9cf33da,5,134,64,24,1.125,0,0.033,1.089,34.26,118.53,0,1789101902.4288757
c_09aedb7,1,67,8,6,1.122,0,0.024,0.356,15.58,115.71,0,1789102082.4288757
c_f3cf7f5,1,44,19,24,0.38,0,0.02,1.106,20.16,117.9,0,1789102262.4288757
c_bc3e6c8,8,68,52,18,1.126,0,0.023,0.85,19.73,107.99,0,1789102442.4288757
c_86d05f5,3,42,12,24,0.873,0,0.023,1.106,22.86,104.33,0,1789102622.4288757
c_5ba86b0,3,8,13,6,1.129,0,0.016,0.352,18.6,103.16,0,1789102802.4288757
c_65036af,9,192,33,24,0.367,0,0.043,1.101,52.79,114.52,0,1789102982.4288757
c_f45ca89,12,103,66,24,1.143,0,0.029,1.119,28.95,116.07,0,1789103162.4288757
c_24214ab,2,45,29,6,1.148,0,0.023,0.346,40.75,119.98,0,1789103342.4288757
c_6d2ba11,1,75,7,6,0.369,0,0.026,0.351,25.49,104.02,0,1789103522.4288757
c_87dd87d,4,111,16,24,0.377,0,0.031,1.105,25.21,116.92,0,1789103702.4288757
c_2e0537c,3,35,2,24,1.136,0,0.019,1.104,37.79,118.3,0,1789103882.4288757
c_cbd65f4,2,37,22,6,1.123,0,0.021,0.357,20.64,106.09,0,1789104062.4288757
c_0aa4b61,4,12,18,24,0.378,0,0.019,1.107,24.97,107.34,0,1789104242.4288757
c_d8de275,3,89,23,12,1.126,0,0.027,0.6,35.6,110.65,0,1789104422.4288757
c_535b86d,3,11,16,24,0.627,0,0.016,1.102,45.52,109.35,0,1789104602.4288757
c_019e4b3,6,77,60,12,1.118,0,0.028,0.604,38.78,120.78,0,1789104782.4288757
c_5075838,1,13,2,24,0.632,0,0.017,1.094,49.15,106.16,0,1789104962.4288757
c_eca473e,2,60,18,6,1.111,0,0.023,0.35,33.79,112.79,1,1789105142.4288757
c_202dbdc,3,68,25,6,0.373,1,0.026,0.343,13.91,120.96,1,1789105322.4288757
c_a67ba1f,1,57,18,24,0.369,1,0.024,1.092,24.56,113.64,0,1789105502.4288757
c_874175b,3,13,20,6,1.116,0,0.018,0.364,42.75,107.93,1,1789105682.4288757
c_1f08cf2,2,6,28,6,0.382,1,0.019,0.336,39.68,119.08,0,1789105862.4288757
c_9d3947d,2,54,19,24,0.354,0,0.022,1.104,24.02,110.29,0,1789106042.4288757
c_7c279a8,1,24,56,12,1.126,0,0.018,0.603,22.35,117.33,0,1789106222.4288757
c_d25a330,5,210,31,24,0.621,0,0.05,1.094,32.42,109.83,0,1789106402.4288757
c_3001654,3,144,23,24,1.144,0,0.034,1.11,24.67,112.98,0,1789106582.4288757
c_b3c66a6,7,116,0,24,1.145,0,0.031,1.114,28.28,103.59,0,1789106762.4288757
c_5aa5aff,2,60,3,24,1.145,0,0.026,1.111,16.44,110.84,0,1789106942.4288757
c_f911a1e,1,69,16,24,1.137,0,0.025,1.108,34.4,106.79,1,1789107122.4288757
c_763afdb,1,64,14,24,1.133,1,0.025,1.11,27.49,121.99,0,1789107302.4288757
c_9ba2ec2,2,60,24,6,1.134,0,0.025,0.349,15.62,111.78,0,1789107482.4288757
c_4faae91,2,197,44,24,0.373,0,0.042,1.12,26.46,104.52,1,1789107662.4288757
c_71a8feb,6,148,58,24,1.161,1,0.035,1.096,23.75,118.0,1,1789107842.4288757
c_0763a9a,4,83,81,24,1.131,1,0.028,1.096,35.01,104.92,1,1789108022.4288757
c_1f811ba,4,118,29,24,1.124,1,0.032,1.097,20.5,117.26,0,1789108202.4288757
c_359183d,1,48,14,24,1.129,0,0.021,1.089,28.58,102.29,1,1789108382.4288757
c_3651aaa,5,81,12,12,1.109,1,0.025,0.597,26.63,105.65,1,1789108562.4288757
c_922c020,2,37,6,6,0.622,1,0.022,0.342,18.13,122.03,1,1789108742.4288757
c_37d5586,1,43,12,24,0.364,1,0.022,1.103,20.88,121.19,0,1789108922.4288757
c_1a92051,2,38,27,24,1.125,0,0.021,1.102,31.31,107.09,0,1789109102.4288757
c_4546fb9,7,218,49,18,1.124,0,0.046,0.851,31.55,106.97,0,1789109282.4288757
c_f829c59,9,63,11,24,0.897,0,0.024,1.101,12.15,112.04,0,1789109462.4288757
c_84d8d24,2,120,7,24,1.124,0,0.032,1.103,18.14,106.72,0,1789109642.4288757
c_3752d71,3,64,9,6,1.135,0,0.025,0.365,31.6,110.3,0,1789109822.4288757
c_39a8885,4,50,16,24,0.39,0,0.025,1.087,49.82,117.38,0,1789110002.4288757
c_d5faa55,1,68,6,24,1.112,0,0.024,1.098,29.31,103.5,0,1789110182.4288757
c_da34500,1,61,2,24,1.122,0,0.024,1.112,37.03,121.44,0,1789110362.4288757
c_331a0d7,2,63,10,6,1.136,0,0.023,0.366,26.05,109.09,0,1789110542.4288757
c_b852dcd,3,23,13,6,0.389,0,0.018,0.36,22.85,120.74,0,1789110722.4288757
c_3c34fa0,2,47,46,12,0.378,0,0.023,0.605,52.32,118.32,0,1789110902.4288757
c_2bc82b5,2,48,8,6,0.628,0,0.025,0.354,14.82,112.86,0,1789111082.4288757
c_27241f8,1,63,25,6,0.379,0,0.026,0.347,24.85,111.24,0,1789111262.4288757
c_3f5ef11,1,67,8,24,0.373,0,0.024,1.097,19.96,112.93,0,1789111442.4288757
c_6109932,2,92,33,24,1.12,0,0.03,1.097,40.25,121.15,0,1789111622.4288757
c_7ac8e2d,6,20,21,12,1.127,0,0.019,0.588,26.29,117.84,0,1789111802.4288757
c_08d8fc1,5,55,1,12,0.607,0,0.024,0.598,21.95,102.58,0,1789111982.4288757
c_936ee37,2,92,24,12,0.622,0,0.027,0.61,48.28,105.65,0,1789112162.4288757
c_5a61a39,2,31,49,24,0.637,0,0.019,1.083,43.93,118.86,0,1789112342.4288757
c_9f6e40d,1,33,23,24,1.102,0,0.019,1.111,22.31,105.09,1,1789112522.4288757
c_be57142,1,146,11,24,1.13,1,0.038,1.102,60.9,103.57,0,1789112702.4288757
c_85c0365,2,44,1,6,1.14,0,0.021,0.352,24.11,119.05,0,1789112882.4288757
c_29414ea,3,22,3,6,0.373,0,0.017,0.348,28.15,116.92,0,1789113062.4288757
c_82b9860,1,6,16,24,0.365,0,0.015,1.1,31.18,107.81,0,1789113242.4288757
c_f90eda2,1,108,44,24,1.115,0,0.031,1.103,36.29,113.61,0,1789113422.4288757
